-- --------------------------------------------------------
-- Servidor:                     192.168.1.123
-- Versão do servidor:           8.0.37 - MySQL Community Server - GPL
-- OS do Servidor:               Linux
-- HeidiSQL Versão:              12.6.0.6765
-- --------------------------------------------------------

/*!40101 SET @OLD_CHARACTER_SET_CLIENT=@@CHARACTER_SET_CLIENT */;
/*!40101 SET NAMES utf8 */;
/*!50503 SET NAMES utf8mb4 */;
/*!40103 SET @OLD_TIME_ZONE=@@TIME_ZONE */;
/*!40103 SET TIME_ZONE='+00:00' */;
/*!40014 SET @OLD_FOREIGN_KEY_CHECKS=@@FOREIGN_KEY_CHECKS, FOREIGN_KEY_CHECKS=0 */;
/*!40101 SET @OLD_SQL_MODE=@@SQL_MODE, SQL_MODE='NO_AUTO_VALUE_ON_ZERO' */;
/*!40111 SET @OLD_SQL_NOTES=@@SQL_NOTES, SQL_NOTES=0 */;


-- Copiando estrutura do banco de dados para finances
CREATE DATABASE IF NOT EXISTS `finances` /*!40100 DEFAULT CHARACTER SET utf8mb4 COLLATE utf8mb4_0900_ai_ci */ /*!80016 DEFAULT ENCRYPTION='N' */;
USE `finances`;

-- Copiando estrutura para tabela finances.CostPayments
CREATE TABLE IF NOT EXISTS `CostPayments` (
  `Id` char(36) CHARACTER SET ascii COLLATE ascii_general_ci NOT NULL,
  `PaidAmount` decimal(65,30) NOT NULL,
  `CostId` char(36) CHARACTER SET ascii COLLATE ascii_general_ci NOT NULL,
  `DateCreated` datetime(6) NOT NULL,
  `LastUpdate` datetime(6) DEFAULT NULL,
  `DatePaid` datetime(6) NOT NULL DEFAULT '0001-01-01 00:00:00.000000',
  PRIMARY KEY (`Id`),
  KEY `IX_CostPayments_CostId` (`CostId`),
  CONSTRAINT `FK_CostPayments_Costs_CostId` FOREIGN KEY (`CostId`) REFERENCES `Costs` (`Id`) ON DELETE CASCADE
) ENGINE=InnoDB DEFAULT CHARSET=utf8mb4 COLLATE=utf8mb4_0900_ai_ci;

-- Copiando dados para a tabela finances.CostPayments: ~0 rows (aproximadamente)
REPLACE INTO `CostPayments` (`Id`, `PaidAmount`, `CostId`, `DateCreated`, `LastUpdate`, `DatePaid`) VALUES
	('08dc9a17-31ae-4982-80f6-149571567eaa', 119.900000000000000000000000000000, '086752de-efe0-4eaf-af11-1317559b8ea0', '2024-07-01 21:45:58.821787', '2024-07-01 21:45:58.821787', '2024-07-01 00:00:00.000000');

-- Copiando estrutura para tabela finances.Costs
CREATE TABLE IF NOT EXISTS `Costs` (
  `Id` char(36) CHARACTER SET ascii COLLATE ascii_general_ci NOT NULL,
  `Amount` decimal(65,30) NOT NULL,
  `Type` int NOT NULL,
  `Name` longtext NOT NULL,
  `Description` longtext NOT NULL,
  `DateCreated` datetime(6) NOT NULL,
  `LastUpdate` datetime(6) DEFAULT NULL,
  `CassiaPercentage` decimal(65,30) NOT NULL DEFAULT '0.000000000000000000000000000000',
  `DanielPercentage` decimal(65,30) NOT NULL DEFAULT '0.000000000000000000000000000000',
  PRIMARY KEY (`Id`)
) ENGINE=InnoDB DEFAULT CHARSET=utf8mb4 COLLATE=utf8mb4_0900_ai_ci;

-- Copiando dados para a tabela finances.Costs: ~0 rows (aproximadamente)
REPLACE INTO `Costs` (`Id`, `Amount`, `Type`, `Name`, `Description`, `DateCreated`, `LastUpdate`, `CassiaPercentage`, `DanielPercentage`) VALUES
	('086752de-efe0-4eaf-af11-1317559b8ea0', 119.900000000000000000000000000000, 2, 'Internet Oi Fibra', 'Custo mensal da internet', '2024-07-01 21:45:42.308852', '2024-07-01 21:45:42.308852', 50.000000000000000000000000000000, 50.000000000000000000000000000000);

-- Copiando estrutura para tabela finances.Entries
CREATE TABLE IF NOT EXISTS `Entries` (
  `Id` char(36) CHARACTER SET ascii COLLATE ascii_general_ci NOT NULL,
  `Amount` decimal(65,30) NOT NULL,
  `Observation` longtext NOT NULL,
  `ReserveId` char(36) CHARACTER SET ascii COLLATE ascii_general_ci NOT NULL,
  `DateCreated` datetime(6) NOT NULL,
  `LastUpdate` datetime(6) DEFAULT NULL,
  PRIMARY KEY (`Id`),
  KEY `IX_Entries_ReserveId` (`ReserveId`),
  CONSTRAINT `FK_Entries_Reserves_ReserveId` FOREIGN KEY (`ReserveId`) REFERENCES `Reserves` (`Id`) ON DELETE CASCADE
) ENGINE=InnoDB DEFAULT CHARSET=utf8mb4 COLLATE=utf8mb4_0900_ai_ci;

-- Copiando dados para a tabela finances.Entries: ~149 rows (aproximadamente)
REPLACE INTO `Entries` (`Id`, `Amount`, `Observation`, `ReserveId`, `DateCreated`, `LastUpdate`) VALUES
	('00418d68-a010-4e91-99d1-54a3f4e54655', 415.830000000000000000000000000000, '', '65e339d4-54db-488f-be86-a290ba628b20', '2023-09-08 15:41:18.769219', '2023-09-08 15:41:18.769219'),
	('08dbdad7-8d67-42bf-88a2-02fa51a72d0e', 600.000000000000000000000000000000, '', '474243ce-4d9a-40a6-9d3f-5f0d3b84b377', '2023-11-01 12:39:12.749570', '2023-11-01 12:39:12.749570'),
	('08dbdad7-b5e1-47e1-82f6-9ab1d6dca5c7', 400.000000000000000000000000000000, '', '50479d77-144f-43e9-89d0-03efd7307714', '2023-11-01 12:40:20.730706', '2023-11-01 12:40:20.730706'),
	('08dbdad7-db54-4924-887f-0e4a250fad22', 100.000000000000000000000000000000, '', '50479d77-144f-43e9-89d0-03efd7307714', '2023-11-01 12:41:23.563264', '2023-11-01 12:41:23.563264'),
	('08dbdad8-ba16-4ed6-8db3-ad3c4f0de66c', 100.000000000000000000000000000000, '', '76a9d9a7-2a7f-4760-86dd-57b3866d4cd4', '2023-11-01 12:47:37.230564', '2023-11-01 12:47:37.230564'),
	('08dbdafe-6309-4600-8b57-ef090af3f25d', 7.160000000000000000000000000000, '', '710e7aab-e945-4636-81e2-150263372eb0', '2023-11-01 17:17:12.073733', '2023-11-01 17:17:12.073733'),
	('08dbdafe-6c71-47e9-81d4-95c4cb1c5e32', 7.160000000000000000000000000000, '', '65e339d4-54db-488f-be86-a290ba628b20', '2023-11-01 17:17:27.896272', '2023-11-01 17:17:27.896272'),
	('08dbf1b4-d6ac-4a35-8038-07803925540a', 600.000000000000000000000000000000, '', '474243ce-4d9a-40a6-9d3f-5f0d3b84b377', '2023-11-30 14:58:40.048778', '2023-11-30 14:58:40.048778'),
	('08dbf1b4-e816-4c7b-8f22-51060aaf7bfc', 500.000000000000000000000000000000, '', '50479d77-144f-43e9-89d0-03efd7307714', '2023-11-30 14:59:09.325221', '2023-11-30 14:59:09.325221'),
	('08dbf1b5-0b3e-4ead-83a9-ae2cb56313fa', 500.000000000000000000000000000000, '', '76a9d9a7-2a7f-4760-86dd-57b3866d4cd4', '2023-11-30 15:00:08.310284', '2023-11-30 15:00:08.310284'),
	('08dbf1b5-81c4-44b7-872e-5da70ac58d78', 1500.000000000000000000000000000000, '', '710e7aab-e945-4636-81e2-150263372eb0', '2023-11-30 15:03:27.155424', '2023-11-30 15:03:27.155424'),
	('08dbf1b5-8988-457c-8af9-fdd19a77a685', 400.000000000000000000000000000000, '', '65e339d4-54db-488f-be86-a290ba628b20', '2023-11-30 15:03:40.184410', '2023-11-30 15:03:40.184410'),
	('08dbf1b5-a809-4b6c-8218-a9ea3f1b43e4', 500.000000000000000000000000000000, '', '76a9d9a7-2a7f-4760-86dd-57b3866d4cd4', '2023-11-30 15:04:31.363720', '2023-11-30 15:04:31.363720'),
	('08dbf1b5-b47f-4912-8dbd-7ac904707003', 300.000000000000000000000000000000, '', '11c9c097-74ba-4fe9-87aa-042fe0e8421f', '2023-11-30 15:04:52.268966', '2023-11-30 15:04:52.268966'),
	('08dbf1b5-c2c1-4402-85e0-32d20d069949', 400.000000000000000000000000000000, '', '0f60a24b-cb6b-4fab-a5ff-c4cb24f68bdb', '2023-11-30 15:05:16.187554', '2023-11-30 15:05:16.187554'),
	('08dbf1b9-1dc7-4b38-8ce6-ec7038e35884', 6.270000000000000000000000000000, 'Distribuíção dos lucros do investimento CDB Fibra', '65e339d4-54db-488f-be86-a290ba628b20', '2023-11-30 15:29:18.444224', '2023-11-30 15:29:18.444224'),
	('08dbf1b9-1dc7-4d2b-8514-2ac12297af25', 6.270000000000000000000000000000, 'Distribuíção dos lucros do investimento CDB Fibra', '710e7aab-e945-4636-81e2-150263372eb0', '2023-11-30 15:29:18.444224', '2023-11-30 15:29:18.444224'),
	('08dbf1b9-627e-4a7a-8209-5ca11be5a034', 10.240000000000000000000000000000, 'Distribuíção dos lucros do investimento CDB FC Financeira', '65e339d4-54db-488f-be86-a290ba628b20', '2023-11-30 15:31:12.677085', '2023-11-30 15:31:12.677085'),
	('08dbf1b9-627e-4ae0-8286-15bed09e7f76', 10.240000000000000000000000000000, 'Distribuíção dos lucros do investimento CDB FC Financeira', '710e7aab-e945-4636-81e2-150263372eb0', '2023-11-30 15:31:12.677085', '2023-11-30 15:31:12.677085'),
	('08dbf595-0b12-4897-84f7-263992269e72', 44.490000000000000000000000000000, 'Distribuíção dos lucros do investimento CDB OMNI', '710e7aab-e945-4636-81e2-150263372eb0', '2023-12-05 13:21:08.798182', '2023-12-05 13:21:08.798182'),
	('08dbf595-39e7-43b5-88ab-8b35c9e1ae0c', 8.660000000000000000000000000000, 'Distribuíção dos lucros do investimento CDB BANCO XP - RICO ', '0f60a24b-cb6b-4fab-a5ff-c4cb24f68bdb', '2023-12-05 13:22:27.346622', '2023-12-05 13:22:27.346622'),
	('08dbf595-39e7-470d-8e7d-0ea4efdb08bd', 8.660000000000000000000000000000, 'Distribuíção dos lucros do investimento CDB BANCO XP - RICO ', '11c9c097-74ba-4fe9-87aa-042fe0e8421f', '2023-12-05 13:22:27.346622', '2023-12-05 13:22:27.346622'),
	('08dbf595-39e7-47b1-8f7f-cb02d6271eec', 20.790000000000000000000000000000, 'Distribuíção dos lucros do investimento CDB BANCO XP - RICO ', '474243ce-4d9a-40a6-9d3f-5f0d3b84b377', '2023-12-05 13:22:27.346622', '2023-12-05 13:22:27.346622'),
	('08dbf595-39e7-483a-8403-66a33b97f86a', 31.190000000000000000000000000000, 'Distribuíção dos lucros do investimento CDB BANCO XP - RICO ', '50479d77-144f-43e9-89d0-03efd7307714', '2023-12-05 13:22:27.346622', '2023-12-05 13:22:27.346622'),
	('08dbf595-39e7-48b6-8d89-a19ff84af569', 8.840000000000000000000000000000, 'Distribuíção dos lucros do investimento CDB BANCO XP - RICO ', '710e7aab-e945-4636-81e2-150263372eb0', '2023-12-05 13:22:27.346622', '2023-12-05 13:22:27.346622'),
	('08dbf595-7e12-4580-8a45-de9e3c014bff', -12.680000000000000000000000000000, '', '710e7aab-e945-4636-81e2-150263372eb0', '2023-12-05 13:24:21.711954', '2023-12-05 13:24:21.711954'),
	('08dc063e-61f4-4454-890b-519ebe8a7115', 29.920000000000000000000000000000, 'Distribuíção dos lucros do investimento CDB OMNI', '0f60a24b-cb6b-4fab-a5ff-c4cb24f68bdb', '2023-12-26 18:13:38.114208', '2023-12-26 18:13:38.114208'),
	('08dc063e-61f7-4bb5-86d0-786bebf527c5', 44.830000000000000000000000000000, 'Distribuíção dos lucros do investimento CDB OMNI', '11c9c097-74ba-4fe9-87aa-042fe0e8421f', '2023-12-26 18:13:38.114208', '2023-12-26 18:13:38.114208'),
	('08dc063e-61f7-4d95-8038-641d946bbc39', 13.450000000000000000000000000000, 'Distribuíção dos lucros do investimento CDB OMNI', '38d7d177-9b5b-4ed6-9ae5-9c3ec0853af1', '2023-12-26 18:13:38.114208', '2023-12-26 18:13:38.114208'),
	('08dc063e-61f7-4df2-8f17-9a1bc6de9d0e', 46.450000000000000000000000000000, 'Distribuíção dos lucros do investimento CDB OMNI', '474243ce-4d9a-40a6-9d3f-5f0d3b84b377', '2023-12-26 18:13:38.114208', '2023-12-26 18:13:38.114208'),
	('08dc063e-ad56-4f3c-8023-2fdcecbf496a', 1.680000000000000000000000000000, 'Distribuíção dos lucros do investimento CDB Voiter', '65e339d4-54db-488f-be86-a290ba628b20', '2023-12-26 18:15:44.566690', '2023-12-26 18:15:44.566690'),
	('08dc063e-ad56-4fd5-8b0d-bd8653db6b43', 1.680000000000000000000000000000, 'Distribuíção dos lucros do investimento CDB Voiter', '710e7aab-e945-4636-81e2-150263372eb0', '2023-12-26 18:15:44.566690', '2023-12-26 18:15:44.566690'),
	('08dc063e-d0ae-492c-8872-7abacddcbb6a', 18.470000000000000000000000000000, 'Distribuíção dos lucros do investimento CDB Voiter', '65e339d4-54db-488f-be86-a290ba628b20', '2023-12-26 18:16:43.861175', '2023-12-26 18:16:43.861175'),
	('08dc063e-d0ae-49b3-8c77-da5d24b90990', 18.470000000000000000000000000000, 'Distribuíção dos lucros do investimento CDB Voiter', '710e7aab-e945-4636-81e2-150263372eb0', '2023-12-26 18:16:43.861175', '2023-12-26 18:16:43.861175'),
	('08dc0641-9982-45a1-89be-be47c0f971cb', 229.900000000000000000000000000000, '', '76a9d9a7-2a7f-4760-86dd-57b3866d4cd4', '2023-12-26 18:36:39.723231', '2023-12-26 18:36:39.723231'),
	('08dc0c55-2de4-4a1d-8172-7bdb3076555c', 700.000000000000000000000000000000, '', '474243ce-4d9a-40a6-9d3f-5f0d3b84b377', '2024-01-03 12:11:56.093727', '2024-01-03 12:11:56.093727'),
	('08dc0c55-47c3-4522-88f7-b5765b625453', 500.000000000000000000000000000000, '', '50479d77-144f-43e9-89d0-03efd7307714', '2024-01-03 12:12:39.547283', '2024-01-03 12:12:39.547283'),
	('08dc0c55-a484-4dc0-8d86-0d47b74230c1', 500.000000000000000000000000000000, '', '11c9c097-74ba-4fe9-87aa-042fe0e8421f', '2024-01-03 12:15:15.169010', '2024-01-03 12:15:15.169010'),
	('08dc0c55-ad52-415e-8868-cf96857ada3d', 500.000000000000000000000000000000, '', '38d7d177-9b5b-4ed6-9ae5-9c3ec0853af1', '2024-01-03 12:15:29.935313', '2024-01-03 12:15:29.935313'),
	('08dc0c56-0b00-4083-80fe-82282f856eb8', 500.000000000000000000000000000000, '', '65e339d4-54db-488f-be86-a290ba628b20', '2024-01-03 12:18:07.103798', '2024-01-03 12:18:07.103798'),
	('08dc0c56-389f-4d72-8f5b-caa591dbfcea', 1000.000000000000000000000000000000, '', '76a9d9a7-2a7f-4760-86dd-57b3866d4cd4', '2024-01-03 12:19:23.648663', '2024-01-03 12:19:23.648663'),
	('08dc0c5a-8f5a-4a22-81db-d53fc54f4ac0', 0.150000000000000000000000000000, '', '474243ce-4d9a-40a6-9d3f-5f0d3b84b377', '2024-01-03 12:50:27.143772', '2024-01-03 12:50:27.143772'),
	('08dc15ca-319c-4c94-8819-bdedce375a0a', 75.960000000000000000000000000000, 'Distribuíção dos lucros do investimento CDB C6', '65e339d4-54db-488f-be86-a290ba628b20', '2024-01-15 13:02:13.993439', '2024-01-15 13:02:13.993439'),
	('08dc15ca-f28b-4564-8eea-8c209f332b7b', 149.570000000000000000000000000000, '', '11c9c097-74ba-4fe9-87aa-042fe0e8421f', '2024-01-15 13:07:37.655837', '2024-01-15 13:07:37.655837'),
	('08dc15ca-f81c-47f4-85b1-827e25a69d76', 300.000000000000000000000000000000, '', '65e339d4-54db-488f-be86-a290ba628b20', '2024-01-15 13:07:46.996058', '2024-01-15 13:07:46.996058'),
	('08dc15cb-0288-4726-8757-400bc04afb2c', 300.000000000000000000000000000000, '', '710e7aab-e945-4636-81e2-150263372eb0', '2024-01-15 13:08:04.480757', '2024-01-15 13:08:04.480757'),
	('08dc2344-80b8-45f2-8e1b-d01bf0c49e74', 700.000000000000000000000000000000, '', '474243ce-4d9a-40a6-9d3f-5f0d3b84b377', '2024-02-01 16:40:30.342350', '2024-02-01 16:40:30.342350'),
	('08dc2344-9a54-46bc-8fc0-a532f2494ed7', 500.000000000000000000000000000000, '', '50479d77-144f-43e9-89d0-03efd7307714', '2024-02-01 16:41:13.371681', '2024-02-01 16:41:13.371681'),
	('08dc2344-a77d-4edb-805f-171e6754ef57', 500.000000000000000000000000000000, '', '76a9d9a7-2a7f-4760-86dd-57b3866d4cd4', '2024-02-01 16:41:35.456232', '2024-02-01 16:41:35.456232'),
	('08dc2344-b23f-4038-8254-844183efcea1', 500.000000000000000000000000000000, '', '38d7d177-9b5b-4ed6-9ae5-9c3ec0853af1', '2024-02-01 16:41:53.498864', '2024-02-01 16:41:53.498864'),
	('08dc2344-c0a7-4bf3-8a95-ec01b0211574', 500.000000000000000000000000000000, '', '0f60a24b-cb6b-4fab-a5ff-c4cb24f68bdb', '2024-02-01 16:42:17.673401', '2024-02-01 16:42:17.673401'),
	('08dc2358-9507-403a-8edb-211c14744a11', 186.050000000000000000000000000000, 'Distribuíção dos lucros do investimento CDB BMG', '50479d77-144f-43e9-89d0-03efd7307714', '2024-02-01 19:04:14.435529', '2024-02-01 19:04:14.435529'),
	('08dc2358-c55c-411c-8775-8c7607b5ab5c', 2.240000000000000000000000000000, 'Distribuíção dos lucros do investimento PagBank', '0f60a24b-cb6b-4fab-a5ff-c4cb24f68bdb', '2024-02-01 19:05:35.501638', '2024-02-01 19:05:35.501638'),
	('08dc2358-e174-4b85-8545-eb1b44001a7e', 17.320000000000000000000000000000, 'Distribuíção dos lucros do investimento CDB PAN', '0f60a24b-cb6b-4fab-a5ff-c4cb24f68bdb', '2024-02-01 19:06:22.639867', '2024-02-01 19:06:22.639867'),
	('08dc2358-e174-4dae-8d1b-e0ca9e165116', 24.250000000000000000000000000000, 'Distribuíção dos lucros do investimento CDB PAN', '11c9c097-74ba-4fe9-87aa-042fe0e8421f', '2024-02-01 19:06:22.639867', '2024-02-01 19:06:22.639867'),
	('08dc2358-e174-4e17-8691-f068ffbf581c', 48.510000000000000000000000000000, 'Distribuíção dos lucros do investimento CDB PAN', '38d7d177-9b5b-4ed6-9ae5-9c3ec0853af1', '2024-02-01 19:06:22.639867', '2024-02-01 19:06:22.639867'),
	('08dc2358-e174-4e65-81dc-73814054fd8a', 38.110000000000000000000000000000, 'Distribuíção dos lucros do investimento CDB PAN', '50479d77-144f-43e9-89d0-03efd7307714', '2024-02-01 19:06:22.639867', '2024-02-01 19:06:22.639867'),
	('08dc2358-e174-4eae-8acf-429780383b94', 12.610000000000000000000000000000, 'Distribuíção dos lucros do investimento CDB PAN', '710e7aab-e945-4636-81e2-150263372eb0', '2024-02-01 19:06:22.639867', '2024-02-01 19:06:22.639867'),
	('08dc2358-fe91-4912-87d6-74e23f29d2c1', 1.220000000000000000000000000000, 'Distribuíção dos lucros do investimento CDB BMG', '710e7aab-e945-4636-81e2-150263372eb0', '2024-02-01 19:07:11.481576', '2024-02-01 19:07:11.481576'),
	('08dc290a-e9dc-4de2-8f53-276e8992b769', -2246.660000000000000000000000000000, '', '65e339d4-54db-488f-be86-a290ba628b20', '2024-02-09 01:03:22.944486', '2024-02-09 01:03:22.944486'),
	('08dc290a-fa02-4948-851a-0f1e6de2052a', 2246.660000000000000000000000000000, '', '6c57eaef-4f98-4501-aa68-efde01754dbf', '2024-02-09 01:03:50.064237', '2024-02-09 01:03:50.064237'),
	('08dc290d-b218-4917-8112-4e1764f87548', 190.420000000000000000000000000000, '', '710e7aab-e945-4636-81e2-150263372eb0', '2024-02-09 01:23:17.903456', '2024-02-09 01:23:17.903456'),
	('08dc290e-7de6-4bd7-83bd-86686e5f1536', 34.470000000000000000000000000000, '', '11c9c097-74ba-4fe9-87aa-042fe0e8421f', '2024-02-09 01:28:59.832064', '2024-02-09 01:28:59.832064'),
	('08dc290f-c510-4eff-8380-3b312c4b3c9a', 618.050000000000000000000000000000, '', '76a9d9a7-2a7f-4760-86dd-57b3866d4cd4', '2024-02-09 01:38:08.723593', '2024-02-09 01:38:08.723593'),
	('08dc3964-3b3c-4ac2-896c-d52b3264dd46', 700.000000000000000000000000000000, '', '474243ce-4d9a-40a6-9d3f-5f0d3b84b377', '2024-02-29 20:23:03.240713', '2024-02-29 20:23:03.240713'),
	('08dc3964-5738-4bb6-8413-e981d25652c5', 704.040000000000000000000000000000, '', '50479d77-144f-43e9-89d0-03efd7307714', '2024-02-29 20:23:50.259363', '2024-02-29 20:23:50.259363'),
	('08dc3964-78f8-4c81-83c2-ad4868918202', 500.000000000000000000000000000000, '', '76a9d9a7-2a7f-4760-86dd-57b3866d4cd4', '2024-02-29 20:24:46.884948', '2024-02-29 20:24:46.884948'),
	('08dc3964-8b99-4557-8f16-567edd05788c', 500.000000000000000000000000000000, '', '0f60a24b-cb6b-4fab-a5ff-c4cb24f68bdb', '2024-02-29 20:25:18.135820', '2024-02-29 20:25:18.135820'),
	('08dc3964-9c82-4d7c-88d6-67482413ad5f', 500.000000000000000000000000000000, '', '65e339d4-54db-488f-be86-a290ba628b20', '2024-02-29 20:25:46.509953', '2024-02-29 20:25:46.509953'),
	('08dc3964-aac6-4f84-8de4-6c403145f382', 500.000000000000000000000000000000, '', '11c9c097-74ba-4fe9-87aa-042fe0e8421f', '2024-02-29 20:26:10.444383', '2024-02-29 20:26:10.444383'),
	('08dc5954-726f-4c62-86f5-c5c836ba2c60', 700.000000000000000000000000000000, '', '474243ce-4d9a-40a6-9d3f-5f0d3b84b377', '2024-04-10 11:50:41.120469', '2024-04-10 11:50:41.120469'),
	('08dc5954-8633-4848-8294-31ea3d670434', 500.000000000000000000000000000000, '', '76a9d9a7-2a7f-4760-86dd-57b3866d4cd4', '2024-04-10 11:51:14.338725', '2024-04-10 11:51:14.338725'),
	('08dc5954-8f25-4283-841b-97da81f2bf4c', 500.000000000000000000000000000000, '', '0f60a24b-cb6b-4fab-a5ff-c4cb24f68bdb', '2024-04-10 11:51:29.346843', '2024-04-10 11:51:29.346843'),
	('08dc5954-b90f-427f-8927-a472607186d3', 500.000000000000000000000000000000, '', '65e339d4-54db-488f-be86-a290ba628b20', '2024-04-10 11:52:39.666938', '2024-04-10 11:52:39.666938'),
	('08dc6577-abdc-480c-896e-c8c277c588e6', 67.070000000000000000000000000000, 'Distribuíção dos lucros do investimento Voiter', '11c9c097-74ba-4fe9-87aa-042fe0e8421f', '2024-04-25 22:33:03.856677', '2024-04-25 22:33:03.856677'),
	('08dc6577-abdc-4ead-8422-43eb4c1e72c7', 11.960000000000000000000000000000, 'Distribuíção dos lucros do investimento Voiter', '38d7d177-9b5b-4ed6-9ae5-9c3ec0853af1', '2024-04-25 22:33:03.856677', '2024-04-25 22:33:03.856677'),
	('08dc6577-abdc-4ed2-8c5f-b062517d9002', 10.240000000000000000000000000000, 'Distribuíção dos lucros do investimento Voiter', '474243ce-4d9a-40a6-9d3f-5f0d3b84b377', '2024-04-25 22:33:03.856677', '2024-04-25 22:33:03.856677'),
	('08dc6577-abdc-4efb-8596-a6e988f30062', 22.230000000000000000000000000000, 'Distribuíção dos lucros do investimento Voiter', '50479d77-144f-43e9-89d0-03efd7307714', '2024-04-25 22:33:03.856677', '2024-04-25 22:33:03.856677'),
	('08dc6577-abdc-4f1e-84c3-ae9d75baf9b8', 55.960000000000000000000000000000, 'Distribuíção dos lucros do investimento Voiter', '710e7aab-e945-4636-81e2-150263372eb0', '2024-04-25 22:33:03.856677', '2024-04-25 22:33:03.856677'),
	('08dc6577-b76c-45ba-886c-c475a746a2db', 13.650000000000000000000000000000, 'Distribuíção dos lucros do investimento Mizuho', '50479d77-144f-43e9-89d0-03efd7307714', '2024-04-25 22:33:23.261225', '2024-04-25 22:33:23.261225'),
	('08dc6577-d735-448a-8faa-0dce0428d254', 11.800000000000000000000000000000, 'Distribuíção dos lucros do investimento LCA BOCOM BBM', '11c9c097-74ba-4fe9-87aa-042fe0e8421f', '2024-04-25 22:34:16.587312', '2024-04-25 22:34:16.587312'),
	('08dc6577-d735-44ba-8b08-070f2508fb84', 103.840000000000000000000000000000, 'Distribuíção dos lucros do investimento LCA BOCOM BBM', '50479d77-144f-43e9-89d0-03efd7307714', '2024-04-25 22:34:16.587312', '2024-04-25 22:34:16.587312'),
	('08dc6577-d735-44da-8904-7fb193a700da', 6.080000000000000000000000000000, 'Distribuíção dos lucros do investimento LCA BOCOM BBM', '710e7aab-e945-4636-81e2-150263372eb0', '2024-04-25 22:34:16.587312', '2024-04-25 22:34:16.587312'),
	('08dc6578-6b99-41a5-884a-89610fd00c5b', 5.520000000000000000000000000000, 'Distribuíção dos lucros do investimento LCI Banco Inter', '50479d77-144f-43e9-89d0-03efd7307714', '2024-04-25 22:38:25.544340', '2024-04-25 22:38:25.544340'),
	('08dc6578-a675-4892-80e5-04ac8655edab', 2.100000000000000000000000000000, 'Distribuíção dos lucros do investimento CDB Pagbank ', '38d7d177-9b5b-4ed6-9ae5-9c3ec0853af1', '2024-04-25 22:40:04.296816', '2024-04-25 22:40:04.296816'),
	('08dc6578-a675-48cb-8389-86dd1473c614', 3.760000000000000000000000000000, 'Distribuíção dos lucros do investimento CDB Pagbank ', '710e7aab-e945-4636-81e2-150263372eb0', '2024-04-25 22:40:04.296816', '2024-04-25 22:40:04.296816'),
	('08dc6578-b9a4-49db-8086-c5a7880db7b1', 24.800000000000000000000000000000, 'Distribuíção dos lucros do investimento CDB OMNI', '65e339d4-54db-488f-be86-a290ba628b20', '2024-04-25 22:40:36.482091', '2024-04-25 22:40:36.482091'),
	('08dc6578-b9a4-4a32-8706-65aa7b1204ff', 24.800000000000000000000000000000, 'Distribuíção dos lucros do investimento CDB OMNI', '710e7aab-e945-4636-81e2-150263372eb0', '2024-04-25 22:40:36.482091', '2024-04-25 22:40:36.482091'),
	('08dc6578-c868-40fd-8c7b-39db26fbdc55', 55.000000000000000000000000000000, 'Distribuíção dos lucros do investimento CDB BMG', '65e339d4-54db-488f-be86-a290ba628b20', '2024-04-25 22:41:01.251088', '2024-04-25 22:41:01.251088'),
	('08dc6578-c868-4135-8db3-ef6d5674c9d7', 55.000000000000000000000000000000, 'Distribuíção dos lucros do investimento CDB BMG', '710e7aab-e945-4636-81e2-150263372eb0', '2024-04-25 22:41:01.251088', '2024-04-25 22:41:01.251088'),
	('08dc657b-6b16-491a-8174-18da8ae1557b', 552.200000000000000000000000000000, 'Incremento', '65e339d4-54db-488f-be86-a290ba628b20', '2024-04-25 22:59:53.179121', '2024-04-25 22:59:53.179121'),
	('08dc657b-9f8e-4217-871f-828c52a7cb49', 1723.900000000000000000000000000000, 'Incremento', '11c9c097-74ba-4fe9-87aa-042fe0e8421f', '2024-04-25 23:01:21.204192', '2024-04-25 23:01:21.204192'),
	('08dc657b-b979-49fa-8689-a30255bb6d88', 3000.000000000000000000000000000000, 'Incremento', '0f60a24b-cb6b-4fab-a5ff-c4cb24f68bdb', '2024-04-25 23:02:04.690551', '2024-04-25 23:02:04.690551'),
	('08dc657b-d7e7-46d8-88b3-1fde19e9845f', 11179.840000000000000000000000000000, 'Incremento', '710e7aab-e945-4636-81e2-150263372eb0', '2024-04-25 23:02:55.741812', '2024-04-25 23:02:55.741812'),
	('08dc657c-01dd-4a90-80c8-fff70ce1dc32', 2153.560000000000000000000000000000, 'Incremento', '76a9d9a7-2a7f-4760-86dd-57b3866d4cd4', '2024-04-25 23:04:06.142131', '2024-04-25 23:04:06.142131'),
	('08dc657c-229c-469a-82a1-2c141e48399d', 1500.000000000000000000000000000000, 'Incremento', '6c57eaef-4f98-4501-aa68-efde01754dbf', '2024-04-25 23:05:01.079340', '2024-04-25 23:05:01.079340'),
	('08dc657c-38af-4a18-8445-dc7293ae4a84', 140.560000000000000000000000000000, 'Incremento', '6c57eaef-4f98-4501-aa68-efde01754dbf', '2024-04-25 23:05:38.115166', '2024-04-25 23:05:38.115166'),
	('08dc657c-5fc9-41c2-8304-936cde58d8ea', 1000.000000000000000000000000000000, 'Incremento', '76a9d9a7-2a7f-4760-86dd-57b3866d4cd4', '2024-04-25 23:06:43.713286', '2024-04-25 23:06:43.713286'),
	('08dc6603-ab63-4d72-8b0e-1a9cae2794d3', 1085.130000000000000000000000000000, '', '48e33872-6c9e-4f9c-95a3-8350311108bc', '2024-04-26 15:15:12.614731', '2024-04-26 15:15:12.614731'),
	('08dc6628-2ef8-42b8-8398-fcf90cd74313', 84.380000000000000000000000000000, '', '0f60a24b-cb6b-4fab-a5ff-c4cb24f68bdb', '2024-04-26 19:36:35.249342', '2024-04-26 19:36:35.249342'),
	('08dc6b6f-7e91-428e-8403-4c7f1042ccd3', 300.000000000000000000000000000000, '', '474243ce-4d9a-40a6-9d3f-5f0d3b84b377', '2024-05-03 12:49:38.856358', '2024-05-03 12:49:38.856358'),
	('08dc6b71-d0b7-4292-84bd-63e40f95f133', -2475.500000000000000000000000000000, '', '0f60a24b-cb6b-4fab-a5ff-c4cb24f68bdb', '2024-05-03 13:06:15.689275', '2024-05-03 13:06:15.689275'),
	('08dc6b72-a7e5-4a36-8d56-92460df6758a', 4.930000000000000000000000000000, '', '474243ce-4d9a-40a6-9d3f-5f0d3b84b377', '2024-05-03 13:12:16.705541', '2024-05-03 13:12:16.705541'),
	('08dc6f7f-19d4-4d81-8d5a-66ac8581b4de', 700.000000000000000000000000000000, '', '474243ce-4d9a-40a6-9d3f-5f0d3b84b377', '2024-05-08 16:51:26.443943', '2024-05-08 16:51:26.443943'),
	('08dc83e6-f692-4d48-8f02-8a8d82f855c7', 169.790000000000000000000000000000, 'Distribuíção dos lucros do investimento LCA BTG PACTUAL', '710e7aab-e945-4636-81e2-150263372eb0', '2024-06-03 16:05:18.237764', '2024-06-03 16:05:18.237764'),
	('08dc83e7-622a-4bb3-8b0b-05faa86d8953', 600.000000000000000000000000000000, '', '474243ce-4d9a-40a6-9d3f-5f0d3b84b377', '2024-06-03 16:08:18.741320', '2024-06-03 16:08:18.741320'),
	('08dc84e1-c274-45ce-886d-7209b1f50dae', -660.000000000000000000000000000000, '', '38d7d177-9b5b-4ed6-9ae5-9c3ec0853af1', '2024-06-04 22:00:34.467935', '2024-06-04 22:00:34.467935'),
	('08dc84e2-2640-421e-86b0-002b5e4f2c11', 660.000000000000000000000000000000, '', '0f60a24b-cb6b-4fab-a5ff-c4cb24f68bdb', '2024-06-04 22:03:21.897949', '2024-06-04 22:03:21.897949'),
	('08dc9392-0f14-4bf5-83e2-2d4f8dba28ec', 2.780000000000000000000000000000, 'Distribuíção dos lucros do investimento LCA RIBEIRÃO PRETO', '0f60a24b-cb6b-4fab-a5ff-c4cb24f68bdb', '2024-06-23 14:37:50.737158', '2024-06-23 14:37:50.737158'),
	('08dc9392-0f15-4e47-824f-c2ecfd187d27', 20.880000000000000000000000000000, 'Distribuíção dos lucros do investimento LCA RIBEIRÃO PRETO', '710e7aab-e945-4636-81e2-150263372eb0', '2024-06-23 14:37:50.737158', '2024-06-23 14:37:50.737158'),
	('08dc9392-3a0d-4452-82e9-bcaa9c7e21a4', 70.240000000000000000000000000000, 'Distribuíção dos lucros do investimento LCA BOCOM BBM', '710e7aab-e945-4636-81e2-150263372eb0', '2024-06-23 14:39:02.822505', '2024-06-23 14:39:02.822505'),
	('08dc9393-1e56-44d8-8b9f-4361152fd01f', 58.870000000000000000000000000000, 'Distribuíção dos lucros do investimento LCA CNH CAPITAL', '0f60a24b-cb6b-4fab-a5ff-c4cb24f68bdb', '2024-06-23 14:45:25.821675', '2024-06-23 14:45:25.821675'),
	('08dc9393-1e56-4504-8bb0-9afbc98ca624', 74.390000000000000000000000000000, 'Distribuíção dos lucros do investimento LCA CNH CAPITAL', '11c9c097-74ba-4fe9-87aa-042fe0e8421f', '2024-06-23 14:45:25.821675', '2024-06-23 14:45:25.821675'),
	('08dc9393-54e7-466d-8fd7-0c89369ad30a', -500.000000000000000000000000000000, '', '0f60a24b-cb6b-4fab-a5ff-c4cb24f68bdb', '2024-06-23 14:46:57.369384', '2024-06-23 14:46:57.369384'),
	('08dc9395-61ba-4d96-8116-00bbc5b98557', -6.000000000000000000000000000000, '', '38d7d177-9b5b-4ed6-9ae5-9c3ec0853af1', '2024-06-23 15:01:37.881259', '2024-06-23 15:01:37.881259'),
	('08dc9929-b911-45d0-82f7-af2a5aee4468', 200.000000000000000000000000000000, 'cdf', 'df07a987-e057-44cc-87f6-68e577d38cc4', '2024-06-30 17:26:05.739785', '2024-06-30 17:26:05.739785'),
	('08dc9929-d459-4704-8b62-4d7364843ff9', 200.000000000000000000000000000000, 'Incremento', '65e339d4-54db-488f-be86-a290ba628b20', '2024-06-30 17:26:51.510666', '2024-06-30 17:26:51.510666'),
	('08dc9929-fe61-41c8-82ef-401c50f38a08', 200.000000000000000000000000000000, 'Incremento', '0f60a24b-cb6b-4fab-a5ff-c4cb24f68bdb', '2024-06-30 17:28:02.025269', '2024-06-30 17:28:02.025269'),
	('08dc992a-0f07-4186-85fe-c31b8bb66491', 100.000000000000000000000000000000, 'Incremento', '76a9d9a7-2a7f-4760-86dd-57b3866d4cd4', '2024-06-30 17:28:29.956575', '2024-06-30 17:28:29.956575'),
	('08dc992a-57a4-4ddb-8aee-022a0b683e82', -3887.220000000000000000000000000000, 'Gastamos no PY', '6c57eaef-4f98-4501-aa68-efde01754dbf', '2024-06-30 17:30:31.786508', '2024-06-30 17:30:31.786508'),
	('08dc992c-5ea1-48d3-86c7-72ea7cbdd265', 700.000000000000000000000000000000, 'Mensal', '474243ce-4d9a-40a6-9d3f-5f0d3b84b377', '2024-06-30 17:45:02.502316', '2024-06-30 17:45:02.502316'),
	('08dc992c-680c-4935-83e2-c3f589125584', 500.000000000000000000000000000000, 'O que faltou do mes passado', '474243ce-4d9a-40a6-9d3f-5f0d3b84b377', '2024-06-30 17:45:18.303204', '2024-06-30 17:45:18.303204'),
	('08dc992c-d952-4557-8a54-1fdf3910381c', 1000.000000000000000000000000000000, 'Pra festona :3', '0f60a24b-cb6b-4fab-a5ff-c4cb24f68bdb', '2024-06-30 17:48:28.342900', '2024-06-30 17:48:28.342900'),
	('08dc992c-e691-4155-88b6-39170bd012f7', 600.000000000000000000000000000000, 'Incremento', '76a9d9a7-2a7f-4760-86dd-57b3866d4cd4', '2024-06-30 17:48:50.564557', '2024-06-30 17:48:50.564557'),
	('08dc992d-035a-4015-8a76-3cfe6635f71b', 590.000000000000000000000000000000, 'Reposição da manutenção', '38d7d177-9b5b-4ed6-9ae5-9c3ec0853af1', '2024-06-30 17:49:38.857523', '2024-06-30 17:49:38.857523'),
	('08dc9a00-92db-4bab-84dd-c107ff145e0a', 10.000000000000000000000000000000, 'Teste de lançamento em PRD', '474243ce-4d9a-40a6-9d3f-5f0d3b84b377', '2024-07-01 19:04:03.393447', '2024-07-01 19:04:03.393447'),
	('08dc9a00-9cf6-4241-82d2-5c596b7c3b98', -10.000000000000000000000000000000, 'Teste de lançamento em PRD', '474243ce-4d9a-40a6-9d3f-5f0d3b84b377', '2024-07-01 19:04:20.380835', '2024-07-01 19:04:20.380835'),
	('08dc9a15-af1f-4da9-809c-3ce87f551587', 98.230000000000000000000000000000, 'Ajuste Técnico', '710e7aab-e945-4636-81e2-150263372eb0', '2024-07-01 21:35:10.285751', '2024-07-01 21:35:10.285751'),
	('08dc9a17-01c7-4b7a-8568-fcf92112aa78', 236.200000000000000000000000000000, 'Lucros FII', '76a9d9a7-2a7f-4760-86dd-57b3866d4cd4', '2024-07-01 21:44:38.455759', '2024-07-01 21:44:38.455759'),
	('0b1d2ff6-5e84-43d9-87e8-e0d18a0dbcdc', 250.000000000000000000000000000000, '', '11c9c097-74ba-4fe9-87aa-042fe0e8421f', '2023-10-10 00:29:36.984638', '2023-10-10 00:29:36.984638'),
	('0e59add4-82e8-41fa-b9b0-d78db037c0c0', 2072.480000000000000000000000000000, 'Unificada reserva de Gastos', '474243ce-4d9a-40a6-9d3f-5f0d3b84b377', '2023-09-08 16:34:33.626727', '2023-09-08 16:34:33.626727'),
	('0fe5a7ae-9ccf-4528-9f88-b9f1e9915cfa', 1400.000000000000000000000000000000, '', '38d7d177-9b5b-4ed6-9ae5-9c3ec0853af1', '2023-09-08 15:25:08.547234', '2023-09-08 15:25:08.547234'),
	('1541e462-383b-4b58-9442-06892c03ccef', 0.020000000000000000000000000000, '', '65e339d4-54db-488f-be86-a290ba628b20', '2023-09-08 16:18:22.343663', '2023-09-08 16:18:22.343663'),
	('170a2a84-9a69-47cd-b52c-cff6968bc0eb', 200.000000000000000000000000000000, '', '474243ce-4d9a-40a6-9d3f-5f0d3b84b377', '2023-09-08 18:24:29.273932', '2023-09-08 18:24:29.273932'),
	('19fb1c92-c626-4759-a957-fc523a8eeb68', 4429.940000000000000000000000000000, '', '65e339d4-54db-488f-be86-a290ba628b20', '2023-09-08 15:30:16.253543', '2023-09-08 15:30:16.253543'),
	('258fce0a-de7d-4009-ab80-9d69202a901c', 400.000000000000000000000000000000, 'Movido do FII.', '50479d77-144f-43e9-89d0-03efd7307714', '2023-10-10 00:24:47.678948', '2023-10-10 00:24:47.678948'),
	('359b6dd3-6e47-4b5c-8f2e-bd55d77a641b', 600.000000000000000000000000000000, '', '38d7d177-9b5b-4ed6-9ae5-9c3ec0853af1', '2023-09-08 18:28:45.385367', '2023-09-08 18:28:45.385367'),
	('368a84bd-31e4-4cb4-a893-8f02ea62e1dc', 317.020000000000000000000000000000, '', '76a9d9a7-2a7f-4760-86dd-57b3866d4cd4', '2023-09-25 00:23:06.562324', '2023-09-25 00:23:06.562324'),
	('39d82f9f-22da-460f-8f95-45102f363e9b', 3011.360000000000000000000000000000, '', '76a9d9a7-2a7f-4760-86dd-57b3866d4cd4', '2023-09-08 16:43:55.096952', '2023-09-08 16:43:55.096952'),
	('3b910c00-2d0e-4fa2-8021-21d1306f69a6', 200.000000000000000000000000000000, '', '11c9c097-74ba-4fe9-87aa-042fe0e8421f', '2023-09-08 18:39:40.682566', '2023-09-08 18:39:40.682566'),
	('4099387f-6e2e-4e23-8052-dc83fe8d5ab0', -400.000000000000000000000000000000, 'Movido para outra reserva.', '76a9d9a7-2a7f-4760-86dd-57b3866d4cd4', '2023-10-10 00:24:23.571770', '2023-10-10 00:24:23.571770'),
	('51b2e004-3827-4c09-9a12-8be2058c756f', 16200.000000000000000000000000000000, '', '474243ce-4d9a-40a6-9d3f-5f0d3b84b377', '2023-09-08 15:24:44.688930', '2023-09-08 15:24:44.688930'),
	('5e13ae66-0789-4250-a859-a7b1194d5362', -40.610000000000000000000000000000, 'Correção, este valor deveria ir para Emergência - Daniel', '65e339d4-54db-488f-be86-a290ba628b20', '2023-10-10 00:43:00.275430', '2023-10-10 00:43:00.275430'),
	('61fc4253-40ef-43d1-9714-a2f366bc4c18', 600.000000000000000000000000000000, '', '474243ce-4d9a-40a6-9d3f-5f0d3b84b377', '2023-10-01 22:49:46.939589', '2023-10-01 22:49:46.939589'),
	('83a5d5dc-933e-4482-956a-f38bbd62926b', 40.610000000000000000000000000000, 'Correção, este valor veio do laçamento incorreto para Canadá', '50479d77-144f-43e9-89d0-03efd7307714', '2023-10-10 00:43:38.602680', '2023-10-10 00:43:38.602680'),
	('84fd933e-afd9-4244-8f3c-2a8814918239', 500.000000000000000000000000000000, '', '0f60a24b-cb6b-4fab-a5ff-c4cb24f68bdb', '2023-09-08 18:33:06.972393', '2023-09-08 18:33:06.972393'),
	('859149b1-5e60-48ec-8735-7550e054bd62', 6279.130000000000000000000000000000, '', '710e7aab-e945-4636-81e2-150263372eb0', '2023-09-08 15:50:29.316753', '2023-09-08 15:50:29.316753'),
	('8863ffb3-8350-4276-89cc-bdb199c163d7', 3500.000000000000000000000000000000, '', '0f60a24b-cb6b-4fab-a5ff-c4cb24f68bdb', '2023-09-08 15:26:37.600415', '2023-09-08 15:26:37.600415'),
	('8878eaa0-cd35-440f-b68f-53c7071ed95d', 500.000000000000000000000000000000, '', '11c9c097-74ba-4fe9-87aa-042fe0e8421f', '2023-09-08 18:24:20.529458', '2023-09-08 18:24:20.529458'),
	('939c5285-b43d-4940-aa34-d96501eea5bb', 500.000000000000000000000000000000, '', '710e7aab-e945-4636-81e2-150263372eb0', '2023-09-08 18:39:33.586571', '2023-09-08 18:39:33.586571'),
	('9843a735-e3a9-4c84-bf38-5866c7ef80e0', 500.000000000000000000000000000000, '', '50479d77-144f-43e9-89d0-03efd7307714', '2023-10-01 22:50:00.122130', '2023-10-01 22:50:00.122130'),
	('a02379b0-3db7-4eaa-bc48-820f57bb38aa', 1100.000000000000000000000000000000, '', '50479d77-144f-43e9-89d0-03efd7307714', '2023-09-08 18:33:20.691660', '2023-09-08 18:33:20.691660'),
	('ad5fc684-5555-4a6e-a42f-176b0aef9b1b', 400.000000000000000000000000000000, '', '76a9d9a7-2a7f-4760-86dd-57b3866d4cd4', '2023-10-01 22:50:28.956146', '2023-10-01 22:50:28.956146'),
	('aed96205-b4a0-40ba-b801-00d76f93eac9', 250.000000000000000000000000000000, '', '0f60a24b-cb6b-4fab-a5ff-c4cb24f68bdb', '2023-10-10 00:29:08.518729', '2023-10-10 00:29:08.518729'),
	('cb9cf57e-aca2-4bbb-ab4a-6fa7224aaa00', 40.610000000000000000000000000000, 'Retorno Investimento PR Banco.', '65e339d4-54db-488f-be86-a290ba628b20', '2023-10-09 16:07:43.274319', '2023-10-09 16:07:43.274319'),
	('ce2bb7b5-efbe-458b-bc2f-7718572858ec', 2408.610000000000000000000000000000, '', '48e33872-6c9e-4f9c-95a3-8350311108bc', '2023-09-08 15:46:07.909019', '2023-09-08 15:46:07.909019'),
	('d84de18f-1d5c-4830-b297-cb7fb6299399', 6500.000000000000000000000000000000, '', '65e339d4-54db-488f-be86-a290ba628b20', '2023-09-08 15:25:42.433220', '2023-09-08 15:25:42.433220'),
	('e1d31b43-614c-4364-8b18-4dcff4c5772f', 255.000000000000000000000000000000, '', '710e7aab-e945-4636-81e2-150263372eb0', '2023-10-10 00:29:47.453241', '2023-10-10 00:29:47.453241'),
	('e3b88247-8625-4ed6-9512-9fa2055affc3', 15000.000000000000000000000000000000, '', '50479d77-144f-43e9-89d0-03efd7307714', '2023-09-08 15:26:09.902865', '2023-09-08 15:26:09.902865'),
	('e5026a49-071f-4ece-bc98-73c60cb20949', 17.990000000000000000000000000000, 'Retorno de investimentos', '0f60a24b-cb6b-4fab-a5ff-c4cb24f68bdb', '2023-10-14 00:05:11.386403', '2023-10-14 00:05:11.386403'),
	('f44666ac-87bd-4e08-943b-e22dd43a11f9', -100.260000000000000000000000000000, 'Movido para FII', '710e7aab-e945-4636-81e2-150263372eb0', '2023-09-25 00:26:47.411271', '2023-09-25 00:26:47.411271'),
	('f4fb3a0b-e44b-4d75-ae82-7c3a2b495ac2', 2000.000000000000000000000000000000, '', '11c9c097-74ba-4fe9-87aa-042fe0e8421f', '2023-09-08 15:27:49.571735', '2023-09-08 15:27:49.571735'),
	('fa2914f2-747d-4775-ad2d-d40e7c830c5b', -200.000000000000000000000000000000, 'Movido para FII', '474243ce-4d9a-40a6-9d3f-5f0d3b84b377', '2023-09-25 00:25:47.707542', '2023-09-25 00:25:47.707542');

-- Copiando estrutura para tabela finances.InvestmentHistory
CREATE TABLE IF NOT EXISTS `InvestmentHistory` (
  `Id` char(36) CHARACTER SET ascii COLLATE ascii_general_ci NOT NULL,
  `Amount` decimal(65,30) NOT NULL,
  `InvestmentId` char(36) CHARACTER SET ascii COLLATE ascii_general_ci NOT NULL,
  `DateCreated` datetime(6) NOT NULL,
  `LastUpdate` datetime(6) DEFAULT NULL,
  PRIMARY KEY (`Id`),
  KEY `IX_InvestmentHistory_InvestmentId` (`InvestmentId`),
  CONSTRAINT `FK_InvestmentHistory_finances.Investments` FOREIGN KEY (`InvestmentId`) REFERENCES `Investments` (`Id`) ON DELETE CASCADE
) ENGINE=InnoDB DEFAULT CHARSET=utf8mb4 COLLATE=utf8mb4_0900_ai_ci;

-- Copiando dados para a tabela finances.InvestmentHistory: ~0 rows (aproximadamente)
REPLACE INTO `InvestmentHistory` (`Id`, `Amount`, `InvestmentId`, `DateCreated`, `LastUpdate`) VALUES
	('08dc9a00-a56f-4ee1-8243-e0e4f3126e4f', 3000.010000000000000000000000000000, '08dc6626-5362-4f92-89d9-4b4fc5c451e1', '2024-07-01 19:04:34.598411', '2024-07-01 19:04:34.598411'),
	('08dc9a00-c5ba-4455-8721-69474a8d32e4', 1.000000000000000000000000000000, '08dc9a00-c5ba-4237-8dee-cb64214316de', '2024-07-01 19:05:28.785229', '2024-07-01 19:05:28.785229'),
	('08dc9a00-db3b-4de4-898b-4622e01f4caf', 3000.000000000000000000000000000000, '08dc6626-5362-4f92-89d9-4b4fc5c451e1', '2024-07-01 19:06:04.857633', '2024-07-01 19:06:04.857633'),
	('08dc9a15-6047-4c24-8630-3cc1aa70a7d4', 17361.170000000000000000000000000000, '08dc9a15-6047-4bb2-8b55-e094a84004a7', '2024-07-01 21:32:58.008535', '2024-07-01 21:32:58.008535'),
	('08dc9a15-c521-41b9-81c6-03693996f0e9', 3000.000000000000000000000000000000, '08dc9a15-c521-4142-8b65-74a813c33cf4', '2024-07-01 21:35:47.204308', '2024-07-01 21:35:47.204308');

-- Copiando estrutura para tabela finances.Investments
CREATE TABLE IF NOT EXISTS `Investments` (
  `Id` char(36) CHARACTER SET ascii COLLATE ascii_general_ci NOT NULL,
  `Name` longtext NOT NULL,
  `StartAmount` decimal(65,30) NOT NULL,
  `CurrentAmount` decimal(65,30) NOT NULL,
  `Rentability` decimal(65,30) NOT NULL,
  `Type` int NOT NULL,
  `Account` int NOT NULL,
  `DateCreated` datetime(6) NOT NULL,
  `LastUpdate` datetime(6) DEFAULT NULL,
  `EndDate` datetime(6) NOT NULL DEFAULT '0001-01-01 00:00:00.000000',
  `Status` int NOT NULL DEFAULT '0',
  PRIMARY KEY (`Id`)
) ENGINE=InnoDB DEFAULT CHARSET=utf8mb4 COLLATE=utf8mb4_0900_ai_ci;

-- Copiando dados para a tabela finances.Investments: ~27 rows (aproximadamente)
REPLACE INTO `Investments` (`Id`, `Name`, `StartAmount`, `CurrentAmount`, `Rentability`, `Type`, `Account`, `DateCreated`, `LastUpdate`, `EndDate`, `Status`) VALUES
	('08dc661a-a261-439e-8a58-9eafa4d698e3', 'Wise', 0.000000000000000000000000000000, 3887.220000000000000000000000000000, 0.000000000000000000000000000000, 5, 4, '2024-04-26 17:59:35.963682', '2024-06-30 17:29:11.352132', '2030-04-26 00:00:00.000000', 0),
	('08dc661a-cdf1-4219-83d8-90d16f56b6ba', 'Previdência', 3493.740000000000000000000000000000, 3493.740000000000000000000000000000, 0.000000000000000000000000000000, 1, 3, '2024-04-26 18:00:49.008737', '2024-04-26 18:00:49.008737', '2080-04-26 00:00:00.000000', 0),
	('08dc661b-3fb1-4b90-8782-6bd1c75f9ef5', 'FII', 10929.890000000000000000000000000000, 10929.890000000000000000000000000000, 0.000000000000000000000000000000, 2, 2, '2024-04-26 18:03:59.853151', '2024-04-26 18:03:59.853151', '2030-04-26 00:00:00.000000', 0),
	('08dc6625-c636-4772-8f11-3f765c92d42f', 'Tesouro Direto Selic - RICO', 5963.400000000000000000000000000000, 5963.400000000000000000000000000000, 10.000000000000000000000000000000, 1, 1, '2024-04-26 19:19:20.505073', '2024-04-26 19:39:36.888404', '2027-03-01 00:00:00.000000', 0),
	('08dc6625-fb2e-47e1-8f38-3641872236d4', 'CDB BMG - RICO', 881.560000000000000000000000000000, 881.560000000000000000000000000000, 14.000000000000000000000000000000, 0, 1, '2024-04-26 19:20:49.372880', '2024-04-26 19:20:55.943718', '2024-09-13 00:00:00.000000', 0),
	('08dc6626-1ed4-4fbb-8101-95af6043422a', 'CDB BANCO PAN - RICO', 8499.730000000000000000000000000000, 8499.730000000000000000000000000000, 14.000000000000000000000000000000, 0, 1, '2024-04-26 19:21:49.183410', '2024-04-26 19:21:49.183410', '2024-09-07 00:00:00.000000', 0),
	('08dc6626-34eb-46bc-8540-97907fbb3c70', 'CDB BANCO MASTER - RICO', 6000.000000000000000000000000000000, 6000.000000000000000000000000000000, 15.200000000000000000000000000000, 0, 1, '2024-04-26 19:22:26.240350', '2024-04-26 19:23:25.241148', '2027-06-25 00:00:00.000000', 0),
	('08dc6626-5362-4f92-89d9-4b4fc5c451e1', 'CDB BANCO MASTER ', 3000.000000000000000000000000000000, 3000.000000000000000000000000000000, 12.670000000000000000000000000000, 0, 1, '2024-04-26 19:23:17.355577', '2024-07-01 19:06:04.857633', '2027-03-23 00:00:00.000000', 0),
	('08dc6626-6afa-48e8-89c2-a1d43de3e80a', 'CDB BMG', 4473.060000000000000000000000000000, 4473.060000000000000000000000000000, 15.510000000000000000000000000000, 0, 1, '2024-04-26 19:23:56.936527', '2024-04-26 19:23:56.936527', '2024-08-23 00:00:00.000000', 0),
	('08dc6626-7ecc-487b-801a-bb6ff6f37089', 'CDB BMG', 1076.440000000000000000000000000000, 1076.440000000000000000000000000000, 14.700000000000000000000000000000, 0, 1, '2024-04-26 19:24:30.189264', '2024-04-26 19:24:30.189264', '2024-08-19 00:00:00.000000', 0),
	('08dc6626-9367-41a2-814b-3e70092b0f91', 'CDB VOITER', 1000.000000000000000000000000000000, 1000.000000000000000000000000000000, 112.500000000000000000000000000000, 0, 1, '2024-04-26 19:25:04.756699', '2024-04-26 19:25:04.756699', '2024-07-08 00:00:00.000000', 0),
	('08dc6626-a839-4ef6-8d7a-133a7287d058', 'CDB BANCO PAN', 1000.000000000000000000000000000000, 1000.000000000000000000000000000000, 115.000000000000000000000000000000, 0, 1, '2024-04-26 19:25:39.692974', '2024-04-26 19:25:39.692974', '2025-06-04 00:00:00.000000', 0),
	('08dc6626-bac7-4592-89c1-bea66e3567c0', 'CDB BANCO MASTER', 2146.530000000000000000000000000000, 2146.530000000000000000000000000000, 14.550000000000000000000000000000, 0, 1, '2024-04-26 19:26:10.818602', '2024-04-26 19:26:10.818602', '2029-04-16 00:00:00.000000', 0),
	('08dc6626-d631-439d-8011-c958dcedfaa5', 'LCA BANCO CNH CAPITAL', 6013.670000000000000000000000000000, 6274.180000000000000000000000000000, 100.000000000000000000000000000000, 4, 1, '2024-04-26 19:26:56.810970', '2024-04-26 19:44:13.942774', '2028-11-22 00:00:00.000000', 0),
	('08dc6627-09e4-4f41-82e5-b877198e0d1a', 'LCI BANCO BARI', 25.060000000000000000000000000000, 26.180000000000000000000000000000, 100.000000000000000000000000000000, 3, 1, '2024-04-26 19:28:23.552611', '2024-04-26 19:44:41.365682', '2024-12-03 00:00:00.000000', 0),
	('08dc6627-3889-40e5-8108-57de088fc991', 'LCI BRB', 3006.120000000000000000000000000000, 3106.560000000000000000000000000000, 96.470000000000000000000000000000, 3, 1, '2024-04-26 19:29:41.803319', '2024-04-26 19:44:54.761271', '2024-12-10 00:00:00.000000', 0),
	('08dc6627-48d1-4e11-8985-f5ffff518ef6', 'LCI RIBEIRÃO PRETO', 749.580000000000000000000000000000, 773.230000000000000000000000000000, 96.500000000000000000000000000000, 3, 1, '2024-04-26 19:30:09.124065', '2024-04-26 19:45:21.942548', '2025-04-07 00:00:00.000000', 0),
	('08dc6627-6265-4ac5-823b-ce980a19ec0a', 'LCI RABOBANK', 3017.710000000000000000000000000000, 3076.310000000000000000000000000000, 85.000000000000000000000000000000, 3, 1, '2024-04-26 19:30:52.035697', '2024-04-26 19:45:37.493680', '2025-01-16 00:00:00.000000', 0),
	('08dc6627-70fc-4879-8116-db9e1f6ee36e', 'CDB BMG', 734.480000000000000000000000000000, 734.480000000000000000000000000000, 100.000000000000000000000000000000, 0, 1, '2024-04-26 19:31:16.512444', '2024-04-26 19:31:16.512444', '2024-12-09 00:00:00.000000', 0),
	('08dc6627-855f-42f4-84ee-525344450c02', 'LCA ORIGINAL', 3000.000000000000000000000000000000, 3000.000000000000000000000000000000, 95.000000000000000000000000000000, 4, 1, '2024-04-26 19:31:50.713419', '2024-06-04 22:03:26.696370', '2025-04-15 00:00:00.000000', 0),
	('08dc6627-b58f-406b-8f20-6d0fd0402534', 'LCA BANCO BOCOM', 20196.200000000000000000000000000000, 20258.340000000000000000000000000000, 85.000000000000000000000000000000, 4, 1, '2024-04-26 19:33:11.557608', '2024-04-26 19:46:29.235210', '2024-09-13 00:00:00.000000', 0),
	('08dc6628-4e13-4569-82d9-cff2fd29b2f4', 'CDB BMG', 699.410000000000000000000000000000, 699.410000000000000000000000000000, 100.000000000000000000000000000000, 0, 1, '2024-04-26 19:37:27.438416', '2024-04-26 19:37:27.438416', '2024-11-07 00:00:00.000000', 0),
	('08dc6b72-799c-4319-8379-cf236b13cd0f', 'LCA BTG PACTUAL', 42.330000000000000000000000000000, 42.330000000000000000000000000000, 93.000000000000000000000000000000, 4, 1, '2024-05-03 13:10:59.049599', '2024-05-03 13:10:59.049599', '2026-08-17 00:00:00.000000', 0),
	('08dc6b72-be6d-46d1-88d4-64842e7072b9', 'LCA BANCO RIBEIRÃO PRETO', 262.600000000000000000000000000000, 262.600000000000000000000000000000, 92.820000000000000000000000000000, 4, 1, '2024-05-03 13:12:54.505546', '2024-05-03 13:12:54.505546', '2026-02-09 00:00:00.000000', 0),
	('08dc99fb-23dc-40b3-87c9-6ddf08f1f7a8', 'LCI Original', 1064.930000000000000000000000000000, 1064.930000000000000000000000000000, 94.500000000000000000000000000000, 3, 1, '2024-07-01 18:25:10.389933', '2024-07-01 18:25:10.389933', '2025-04-23 00:00:00.000000', 0),
	('08dc9a00-c5ba-4237-8dee-cb64214316de', 'Teste Investimento', 1.000000000000000000000000000000, 1.000000000000000000000000000000, 1.000000000000000000000000000000, 2, 2, '2024-07-01 19:05:28.785229', '2024-07-01 19:05:39.701011', '2025-07-01 00:00:00.000000', 1),
	('08dc9a15-6047-4bb2-8b55-e094a84004a7', 'LCI Bocom', 17361.170000000000000000000000000000, 17361.170000000000000000000000000000, 84.000000000000000000000000000000, 3, 1, '2024-07-01 21:32:58.008535', '2024-07-01 21:32:58.008535', '2024-09-06 00:00:00.000000', 0),
	('08dc9a15-c521-4142-8b65-74a813c33cf4', 'LCI Original 2', 3000.000000000000000000000000000000, 3000.000000000000000000000000000000, 97.000000000000000000000000000000, 3, 1, '2024-07-01 21:35:47.204308', '2024-07-01 21:35:47.204308', '2026-08-13 00:00:00.000000', 0);

-- Copiando estrutura para tabela finances.PurchaseInstallments
CREATE TABLE IF NOT EXISTS `PurchaseInstallments` (
  `Id` char(36) CHARACTER SET ascii COLLATE ascii_general_ci NOT NULL,
  `Amount` decimal(65,30) NOT NULL,
  `InstallmentNumber` int NOT NULL,
  `Paid` tinyint(1) NOT NULL,
  `DueDate` datetime(6) NOT NULL,
  `PaymentUrl` longtext NOT NULL,
  `PurchaseId` char(36) CHARACTER SET ascii COLLATE ascii_general_ci NOT NULL,
  `DateCreated` datetime(6) NOT NULL,
  `LastUpdate` datetime(6) NOT NULL,
  `PaidDate` datetime(6) DEFAULT NULL,
  PRIMARY KEY (`Id`),
  KEY `IX_PurchaseInstallments_PurchaseId` (`PurchaseId`),
  CONSTRAINT `FK_PurchaseInstallments_finances.Purchases` FOREIGN KEY (`PurchaseId`) REFERENCES `Purchases` (`Id`) ON DELETE CASCADE
) ENGINE=InnoDB DEFAULT CHARSET=utf8mb4 COLLATE=utf8mb4_0900_ai_ci;

-- Copiando dados para a tabela finances.PurchaseInstallments: ~0 rows (aproximadamente)
REPLACE INTO `PurchaseInstallments` (`Id`, `Amount`, `InstallmentNumber`, `Paid`, `DueDate`, `PaymentUrl`, `PurchaseId`, `DateCreated`, `LastUpdate`, `PaidDate`) VALUES
	('08dc9a17-9705-4093-824a-18033f23c9ef', 805.600000000000000000000000000000, 1, 1, '2024-08-01 21:48:48.813838', '', 'a0f7f965-575b-4b66-a866-a3fb211e1af6', '2024-07-01 21:48:48.875902', '2024-07-01 21:48:57.920303', '2024-07-01 21:48:57.920176'),
	('08dc9a17-970a-4a83-8184-adfa3bb9c4df', 805.600000000000000000000000000000, 2, 1, '2024-09-01 21:48:48.814091', '', 'a0f7f965-575b-4b66-a866-a3fb211e1af6', '2024-07-01 21:48:48.875902', '2024-07-01 21:49:01.107161', '2024-07-01 21:49:01.107137'),
	('08dc9a17-970a-4ae7-8b98-bf5e4f07b6f7', 805.600000000000000000000000000000, 3, 1, '2024-10-01 21:48:48.814093', '', 'a0f7f965-575b-4b66-a866-a3fb211e1af6', '2024-07-01 21:48:48.875902', '2024-07-01 21:49:03.522361', '2024-07-01 21:49:03.522340'),
	('08dc9a17-970a-4b19-84f8-79076eb5fafb', 805.600000000000000000000000000000, 4, 1, '2024-11-01 21:48:48.814093', '', 'a0f7f965-575b-4b66-a866-a3fb211e1af6', '2024-07-01 21:48:48.875902', '2024-07-01 21:49:21.774382', '2024-07-01 21:49:21.774365'),
	('08dc9a17-970a-4b4c-832a-ae8b1576940f', 805.600000000000000000000000000000, 5, 1, '2024-12-01 21:48:48.814093', '', 'a0f7f965-575b-4b66-a866-a3fb211e1af6', '2024-07-01 21:48:48.875902', '2024-07-01 21:49:22.631915', '2024-07-01 21:49:22.631897'),
	('08dc9a17-970a-4b7a-84cd-8f37c0f5ab8d', 805.600000000000000000000000000000, 6, 1, '2025-01-01 21:48:48.814095', '', 'a0f7f965-575b-4b66-a866-a3fb211e1af6', '2024-07-01 21:48:48.875902', '2024-07-01 21:49:25.118556', '2024-07-01 21:49:25.118535'),
	('08dc9a17-970a-4bac-897a-5527e5b9f551', 805.600000000000000000000000000000, 7, 0, '2025-02-01 21:48:48.814095', '', 'a0f7f965-575b-4b66-a866-a3fb211e1af6', '2024-07-01 21:48:48.875902', '2024-07-01 21:48:48.875902', NULL),
	('08dc9a17-970a-4bde-8139-b4d0258571c5', 805.600000000000000000000000000000, 8, 0, '2025-03-01 21:48:48.814095', '', 'a0f7f965-575b-4b66-a866-a3fb211e1af6', '2024-07-01 21:48:48.875902', '2024-07-01 21:48:48.875902', NULL),
	('08dc9a17-970a-4c15-858b-f0db30bc2818', 805.600000000000000000000000000000, 9, 0, '2025-04-01 21:48:48.814096', '', 'a0f7f965-575b-4b66-a866-a3fb211e1af6', '2024-07-01 21:48:48.875902', '2024-07-01 21:48:48.875902', NULL),
	('08dc9a17-970a-4c46-8dab-f5a5cd1ba0e6', 805.600000000000000000000000000000, 10, 0, '2025-05-01 21:48:48.814102', '', 'a0f7f965-575b-4b66-a866-a3fb211e1af6', '2024-07-01 21:48:48.875902', '2024-07-01 21:48:48.875902', NULL);

-- Copiando estrutura para tabela finances.Purchases
CREATE TABLE IF NOT EXISTS `Purchases` (
  `Id` char(36) CHARACTER SET ascii COLLATE ascii_general_ci NOT NULL,
  `Name` longtext NOT NULL,
  `ProductUrl` longtext NOT NULL,
  `DateCreated` datetime(6) NOT NULL,
  `LastUpdate` datetime(6) DEFAULT NULL,
  `Owner` int NOT NULL DEFAULT '0',
  PRIMARY KEY (`Id`)
) ENGINE=InnoDB DEFAULT CHARSET=utf8mb4 COLLATE=utf8mb4_0900_ai_ci;

-- Copiando dados para a tabela finances.Purchases: ~0 rows (aproximadamente)
REPLACE INTO `Purchases` (`Id`, `Name`, `ProductUrl`, `DateCreated`, `LastUpdate`, `Owner`) VALUES
	('a0f7f965-575b-4b66-a866-a3fb211e1af6', 'Intercambio', 'Naum Tem', '2024-07-01 21:48:48.875902', '2024-07-01 21:48:48.875902', 2);

-- Copiando estrutura para tabela finances.ReserveInvestmentMaps
CREATE TABLE IF NOT EXISTS `ReserveInvestmentMaps` (
  `ReserveId` char(36) CHARACTER SET ascii COLLATE ascii_general_ci NOT NULL,
  `InvestmentId` char(36) CHARACTER SET ascii COLLATE ascii_general_ci NOT NULL,
  `Amount` decimal(65,30) NOT NULL,
  `Id` char(36) CHARACTER SET ascii COLLATE ascii_general_ci NOT NULL,
  `DateCreated` datetime(6) NOT NULL,
  `LastUpdate` datetime(6) DEFAULT NULL,
  PRIMARY KEY (`ReserveId`,`InvestmentId`),
  KEY `IX_ReserveInvestmentsMaps_InvestmentId` (`InvestmentId`),
  CONSTRAINT `FK_ReserveInvestmentsMaps_finances.Investments` FOREIGN KEY (`InvestmentId`) REFERENCES `Investments` (`Id`) ON DELETE CASCADE,
  CONSTRAINT `FK_ReserveInvestmentsMaps_Reserves_ReserveId` FOREIGN KEY (`ReserveId`) REFERENCES `Reserves` (`Id`) ON DELETE CASCADE
) ENGINE=InnoDB DEFAULT CHARSET=utf8mb4 COLLATE=utf8mb4_0900_ai_ci;

-- Copiando dados para a tabela finances.ReserveInvestmentMaps: ~30 rows (aproximadamente)
REPLACE INTO `ReserveInvestmentMaps` (`ReserveId`, `InvestmentId`, `Amount`, `Id`, `DateCreated`, `LastUpdate`) VALUES
	('0f60a24b-cb6b-4fab-a5ff-c4cb24f68bdb', '08dc6627-09e4-4f41-82e5-b877198e0d1a', 25.060000000000000000000000000000, '00000000-0000-0000-0000-000000000000', '2024-04-26 19:28:23.552611', '2024-04-26 19:28:23.552611'),
	('0f60a24b-cb6b-4fab-a5ff-c4cb24f68bdb', '08dc6627-855f-42f4-84ee-525344450c02', 660.000000000000000000000000000000, '00000000-0000-0000-0000-000000000000', '2024-06-04 22:03:25.062684', '2024-06-04 22:03:25.062684'),
	('0f60a24b-cb6b-4fab-a5ff-c4cb24f68bdb', '08dc6627-b58f-406b-8f20-6d0fd0402534', 1753.420000000000000000000000000000, '00000000-0000-0000-0000-000000000000', '2024-04-26 19:33:11.557608', '2024-04-26 19:33:11.557608'),
	('0f60a24b-cb6b-4fab-a5ff-c4cb24f68bdb', '08dc9a15-6047-4bb2-8b55-e094a84004a7', 5818.180000000000000000000000000000, '00000000-0000-0000-0000-000000000000', '2024-07-01 21:32:58.008535', '2024-07-01 21:32:58.008535'),
	('11c9c097-74ba-4fe9-87aa-042fe0e8421f', '08dc9a15-6047-4bb2-8b55-e094a84004a7', 6388.940000000000000000000000000000, '00000000-0000-0000-0000-000000000000', '2024-07-01 21:32:58.008535', '2024-07-01 21:32:58.008535'),
	('38d7d177-9b5b-4ed6-9ae5-9c3ec0853af1', '08dc6625-fb2e-47e1-8f38-3641872236d4', 70.020000000000000000000000000000, '00000000-0000-0000-0000-000000000000', '2024-04-26 19:20:49.372880', '2024-04-26 19:20:49.372880'),
	('38d7d177-9b5b-4ed6-9ae5-9c3ec0853af1', '08dc6627-855f-42f4-84ee-525344450c02', 2340.000000000000000000000000000000, '00000000-0000-0000-0000-000000000000', '2024-06-04 21:59:52.798264', '2024-06-04 21:59:52.798264'),
	('474243ce-4d9a-40a6-9d3f-5f0d3b84b377', '08dc6625-fb2e-47e1-8f38-3641872236d4', 112.330000000000000000000000000000, '00000000-0000-0000-0000-000000000000', '2024-04-26 19:20:49.372880', '2024-04-26 19:20:49.372880'),
	('474243ce-4d9a-40a6-9d3f-5f0d3b84b377', '08dc6626-1ed4-4fbb-8101-95af6043422a', 8499.730000000000000000000000000000, '00000000-0000-0000-0000-000000000000', '2024-04-26 19:21:49.183410', '2024-04-26 19:21:49.183410'),
	('474243ce-4d9a-40a6-9d3f-5f0d3b84b377', '08dc6626-5362-4f92-89d9-4b4fc5c451e1', 2962.760000000000000000000000000000, '00000000-0000-0000-0000-000000000000', '2024-04-26 19:23:17.355577', '2024-04-26 19:23:17.355577'),
	('474243ce-4d9a-40a6-9d3f-5f0d3b84b377', '08dc6626-6afa-48e8-89c2-a1d43de3e80a', 4473.060000000000000000000000000000, '00000000-0000-0000-0000-000000000000', '2024-04-26 19:23:56.936527', '2024-04-26 19:23:56.936527'),
	('474243ce-4d9a-40a6-9d3f-5f0d3b84b377', '08dc6626-9367-41a2-814b-3e70092b0f91', 1000.000000000000000000000000000000, '00000000-0000-0000-0000-000000000000', '2024-04-26 19:25:04.756699', '2024-04-26 19:25:04.756699'),
	('474243ce-4d9a-40a6-9d3f-5f0d3b84b377', '08dc6626-bac7-4592-89c1-bea66e3567c0', 2146.530000000000000000000000000000, '00000000-0000-0000-0000-000000000000', '2024-04-26 19:26:10.818602', '2024-04-26 19:26:10.818602'),
	('474243ce-4d9a-40a6-9d3f-5f0d3b84b377', '08dc6627-3889-40e5-8108-57de088fc991', 3006.120000000000000000000000000000, '00000000-0000-0000-0000-000000000000', '2024-04-26 19:29:41.803319', '2024-04-26 19:29:41.803319'),
	('474243ce-4d9a-40a6-9d3f-5f0d3b84b377', '08dc6627-48d1-4e11-8985-f5ffff518ef6', 749.580000000000000000000000000000, '00000000-0000-0000-0000-000000000000', '2024-04-26 19:30:09.124065', '2024-04-26 19:30:09.124065'),
	('474243ce-4d9a-40a6-9d3f-5f0d3b84b377', '08dc6b72-799c-4319-8379-cf236b13cd0f', 42.330000000000000000000000000000, '00000000-0000-0000-0000-000000000000', '2024-05-03 13:10:59.049599', '2024-05-03 13:10:59.049599'),
	('474243ce-4d9a-40a6-9d3f-5f0d3b84b377', '08dc6b72-be6d-46d1-88d4-64842e7072b9', 262.600000000000000000000000000000, '00000000-0000-0000-0000-000000000000', '2024-05-03 13:12:54.505546', '2024-05-03 13:12:54.505546'),
	('474243ce-4d9a-40a6-9d3f-5f0d3b84b377', '08dc9a00-c5ba-4237-8dee-cb64214316de', 1.000000000000000000000000000000, '00000000-0000-0000-0000-000000000000', '2024-07-01 19:05:28.785229', '2024-07-01 19:05:28.785229'),
	('48e33872-6c9e-4f9c-95a3-8350311108bc', '08dc661a-cdf1-4219-83d8-90d16f56b6ba', 3493.740000000000000000000000000000, '00000000-0000-0000-0000-000000000000', '2024-04-26 18:00:49.008737', '2024-04-26 18:00:49.008737'),
	('50479d77-144f-43e9-89d0-03efd7307714', '08dc6625-fb2e-47e1-8f38-3641872236d4', 626.020000000000000000000000000000, '00000000-0000-0000-0000-000000000000', '2024-04-26 19:20:49.372880', '2024-04-26 19:20:49.372880'),
	('50479d77-144f-43e9-89d0-03efd7307714', '08dc6626-7ecc-487b-801a-bb6ff6f37089', 1076.440000000000000000000000000000, '00000000-0000-0000-0000-000000000000', '2024-04-26 19:24:30.189264', '2024-04-26 19:24:30.189264'),
	('50479d77-144f-43e9-89d0-03efd7307714', '08dc6627-b58f-406b-8f20-6d0fd0402534', 18442.780000000000000000000000000000, '00000000-0000-0000-0000-000000000000', '2024-04-26 19:33:11.557608', '2024-04-26 19:33:11.557608'),
	('65e339d4-54db-488f-be86-a290ba628b20', '08dc6626-34eb-46bc-8540-97907fbb3c70', 6000.000000000000000000000000000000, '00000000-0000-0000-0000-000000000000', '2024-04-26 19:22:26.240350', '2024-04-26 19:22:26.240350'),
	('65e339d4-54db-488f-be86-a290ba628b20', '08dc6626-5362-4f92-89d9-4b4fc5c451e1', 37.240000000000000000000000000000, '00000000-0000-0000-0000-000000000000', '2024-04-26 19:23:17.355577', '2024-04-26 19:23:17.355577'),
	('65e339d4-54db-488f-be86-a290ba628b20', '08dc6626-d631-439d-8011-c958dcedfaa5', 6013.670000000000000000000000000000, '00000000-0000-0000-0000-000000000000', '2024-04-26 19:26:56.810970', '2024-04-26 19:26:56.810970'),
	('710e7aab-e945-4636-81e2-150263372eb0', '08dc6625-c636-4772-8f11-3f765c92d42f', 5963.400000000000000000000000000000, '00000000-0000-0000-0000-000000000000', '2024-04-26 19:19:20.505073', '2024-04-26 19:19:20.505073'),
	('710e7aab-e945-4636-81e2-150263372eb0', '08dc6625-fb2e-47e1-8f38-3641872236d4', 73.190000000000000000000000000000, '00000000-0000-0000-0000-000000000000', '2024-04-26 19:20:49.372880', '2024-04-26 19:20:49.372880'),
	('710e7aab-e945-4636-81e2-150263372eb0', '08dc6626-a839-4ef6-8d7a-133a7287d058', 1000.000000000000000000000000000000, '00000000-0000-0000-0000-000000000000', '2024-04-26 19:25:39.692974', '2024-04-26 19:25:39.692974'),
	('710e7aab-e945-4636-81e2-150263372eb0', '08dc6627-6265-4ac5-823b-ce980a19ec0a', 3017.710000000000000000000000000000, '00000000-0000-0000-0000-000000000000', '2024-04-26 19:30:52.035697', '2024-04-26 19:30:52.035697'),
	('710e7aab-e945-4636-81e2-150263372eb0', '08dc6627-70fc-4879-8116-db9e1f6ee36e', 734.480000000000000000000000000000, '00000000-0000-0000-0000-000000000000', '2024-04-26 19:31:16.512444', '2024-04-26 19:31:16.512444'),
	('710e7aab-e945-4636-81e2-150263372eb0', '08dc6628-4e13-4569-82d9-cff2fd29b2f4', 699.410000000000000000000000000000, '00000000-0000-0000-0000-000000000000', '2024-04-26 19:37:27.438416', '2024-04-26 19:37:27.438416'),
	('710e7aab-e945-4636-81e2-150263372eb0', '08dc99fb-23dc-40b3-87c9-6ddf08f1f7a8', 1064.930000000000000000000000000000, '00000000-0000-0000-0000-000000000000', '2024-07-01 18:25:10.389933', '2024-07-01 18:25:10.389933'),
	('710e7aab-e945-4636-81e2-150263372eb0', '08dc9a15-6047-4bb2-8b55-e094a84004a7', 5154.050000000000000000000000000000, '00000000-0000-0000-0000-000000000000', '2024-07-01 21:32:58.008535', '2024-07-01 21:32:58.008535'),
	('710e7aab-e945-4636-81e2-150263372eb0', '08dc9a15-c521-4142-8b65-74a813c33cf4', 3000.000000000000000000000000000000, '00000000-0000-0000-0000-000000000000', '2024-07-01 21:35:47.204308', '2024-07-01 21:35:47.204308'),
	('76a9d9a7-2a7f-4760-86dd-57b3866d4cd4', '08dc661b-3fb1-4b90-8782-6bd1c75f9ef5', 10929.890000000000000000000000000000, '00000000-0000-0000-0000-000000000000', '2024-04-26 18:03:59.853151', '2024-04-26 18:03:59.853151');

-- Copiando estrutura para tabela finances.Reserves
CREATE TABLE IF NOT EXISTS `Reserves` (
  `Id` char(36) CHARACTER SET ascii COLLATE ascii_general_ci NOT NULL,
  `Name` longtext NOT NULL,
  `Description` longtext NOT NULL,
  `Owner` int NOT NULL,
  `Goal` decimal(65,30) NOT NULL,
  `DateCreated` datetime(6) NOT NULL,
  `LastUpdate` datetime(6) DEFAULT NULL,
  PRIMARY KEY (`Id`)
) ENGINE=InnoDB DEFAULT CHARSET=utf8mb4 COLLATE=utf8mb4_0900_ai_ci;

-- Copiando dados para a tabela finances.Reserves: ~10 rows (aproximadamente)
REPLACE INTO `Reserves` (`Id`, `Name`, `Description`, `Owner`, `Goal`, `DateCreated`, `LastUpdate`) VALUES
	('0f60a24b-cb6b-4fab-a5ff-c4cb24f68bdb', 'Elvis', 'Reserva para dar uma puta festona', 2, 20000.000000000000000000000000000000, '0001-01-01 00:00:00.000000', '2024-06-30 17:28:06.672451'),
	('11c9c097-74ba-4fe9-87aa-042fe0e8421f', 'Casamento Deise', 'Reserva para comprar o presente de casamento da Deise', 2, 6000.000000000000000000000000000000, '0001-01-01 00:00:00.000000', '2024-04-25 23:02:18.248340'),
	('38d7d177-9b5b-4ed6-9ae5-9c3ec0853af1', 'Moto', 'Reserva para manutenção da moto.', 0, 3000.000000000000000000000000000000, '0001-01-01 00:00:00.000000', '2024-06-23 15:01:38.944508'),
	('474243ce-4d9a-40a6-9d3f-5f0d3b84b377', 'DDF', 'Reserva para o Daniel do Futuro', 0, 100000.000000000000000000000000000000, '0001-01-01 00:00:00.000000', '2024-06-03 16:08:21.043889'),
	('48e33872-6c9e-4f9c-95a3-8350311108bc', 'Previdência', 'Previdência do Bradesco', 1, 100000.000000000000000000000000000000, '0001-01-01 00:00:00.000000', '2024-04-26 15:15:14.768764'),
	('50479d77-144f-43e9-89d0-03efd7307714', 'Emergência', 'Reserva de Emergência', 0, 20000.000000000000000000000000000000, '2023-09-08 15:21:06.992564', '2023-09-08 15:21:06.992564'),
	('65e339d4-54db-488f-be86-a290ba628b20', 'Canadá', 'Reserva para fugir do pais', 2, 20000.000000000000000000000000000000, '0001-01-01 00:00:00.000000', '2024-06-30 17:26:58.743723'),
	('6c57eaef-4f98-4501-aa68-efde01754dbf', 'Wise', 'Dinheirn da viage', 2, 8000.000000000000000000000000000000, '0001-01-01 00:00:00.000000', '2024-06-30 17:30:37.377697'),
	('710e7aab-e945-4636-81e2-150263372eb0', 'Emergência', 'Reserva de Emergência', 1, 20000.000000000000000000000000000000, '0001-01-01 00:00:00.000000', '2024-06-04 22:02:05.629957'),
	('76a9d9a7-2a7f-4760-86dd-57b3866d4cd4', 'FII', 'Reserva passiva em FII', 2, 10000.000000000000000000000000000000, '0001-01-01 00:00:00.000000', '2024-06-30 17:28:37.261007'),
	('df07a987-e057-44cc-87f6-68e577d38cc4', 'CDF', 'Cássia do Futuro', 1, 20000.000000000000000000000000000000, '0001-01-01 00:00:00.000000', '2024-06-30 17:26:11.163425');

-- Copiando estrutura para tabela finances.__EFMigrationsHistory
CREATE TABLE IF NOT EXISTS `__EFMigrationsHistory` (
  `MigrationId` varchar(150) NOT NULL,
  `ProductVersion` varchar(32) NOT NULL,
  PRIMARY KEY (`MigrationId`)
) ENGINE=InnoDB DEFAULT CHARSET=utf8mb4 COLLATE=utf8mb4_0900_ai_ci;

-- Copiando dados para a tabela finances.__EFMigrationsHistory: ~10 rows (aproximadamente)
REPLACE INTO `__EFMigrationsHistory` (`MigrationId`, `ProductVersion`) VALUES
	('20230905205002_InitialMigration', '7.0.10'),
	('20230906212804_AddedColumnInvestmentEndDate', '7.0.10'),
	('20230924151550_AddedCostsInstallments', '7.0.11'),
	('20230924154550_UpdateCollumnCostPercentages', '7.0.11'),
	('20230924182805_AddedColumnCostDatePaid', '7.0.11'),
	('20230924204242_AddedColumnPurchaseOwner', '7.0.11'),
	('20230924223740_AddedColumnPurchaseDatePaid', '7.0.11'),
	('20230924224512_UpdatedColunPurchasePaymentDate', '7.0.11'),
	('20231204194522_Added_InvestmentHistory', '7.0.11'),
	('20240625232921_ConfigurationFiles', '7.0.11');

/*!40103 SET TIME_ZONE=IFNULL(@OLD_TIME_ZONE, 'system') */;
/*!40101 SET SQL_MODE=IFNULL(@OLD_SQL_MODE, '') */;
/*!40014 SET FOREIGN_KEY_CHECKS=IFNULL(@OLD_FOREIGN_KEY_CHECKS, 1) */;
/*!40101 SET CHARACTER_SET_CLIENT=@OLD_CHARACTER_SET_CLIENT */;
/*!40111 SET SQL_NOTES=IFNULL(@OLD_SQL_NOTES, 1) */;
