-- --------------------------------------------------------
-- Servidor:                     127.0.0.1
-- Versão do servidor:           8.3.0 - MySQL Community Server - GPL
-- OS do Servidor:               Win64
-- HeidiSQL Versão:              12.6.0.6765
-- --------------------------------------------------------

/*!40101 SET @OLD_CHARACTER_SET_CLIENT=@@CHARACTER_SET_CLIENT */;
/*!40101 SET NAMES utf8 */;
/*!50503 SET NAMES utf8mb4 */;
/*!40103 SET @OLD_TIME_ZONE=@@TIME_ZONE */;
/*!40103 SET TIME_ZONE='+00:00' */;
/*!40014 SET @OLD_FOREIGN_KEY_CHECKS=@@FOREIGN_KEY_CHECKS, FOREIGN_KEY_CHECKS=0 */;
/*!40101 SET @OLD_SQL_MODE=@@SQL_MODE, SQL_MODE='NO_AUTO_VALUE_ON_ZERO' */;
/*!40111 SET @OLD_SQL_NOTES=@@SQL_NOTES, SQL_NOTES=0 */;


-- Copiando estrutura do banco de dados para finances
CREATE DATABASE IF NOT EXISTS `finances` /*!40100 DEFAULT CHARACTER SET utf8mb4 COLLATE utf8mb4_0900_ai_ci */ /*!80016 DEFAULT ENCRYPTION='N' */;
USE `finances`;

-- Copiando estrutura para tabela finances.costpayments
CREATE TABLE IF NOT EXISTS `costpayments` (
  `Id` char(36) CHARACTER SET ascii COLLATE ascii_general_ci NOT NULL,
  `PaidAmount` decimal(65,30) NOT NULL,
  `CostId` char(36) CHARACTER SET ascii COLLATE ascii_general_ci NOT NULL,
  `DateCreated` datetime(6) NOT NULL,
  `LastUpdate` datetime(6) DEFAULT NULL,
  `DatePaid` datetime(6) NOT NULL DEFAULT '0001-01-01 00:00:00.000000',
  PRIMARY KEY (`Id`),
  KEY `IX_CostPayments_CostId` (`CostId`),
  CONSTRAINT `FK_CostPayments_Costs_CostId` FOREIGN KEY (`CostId`) REFERENCES `costs` (`Id`) ON DELETE CASCADE
) ENGINE=InnoDB DEFAULT CHARSET=utf8mb4 COLLATE=utf8mb4_0900_ai_ci;

-- Copiando dados para a tabela finances.costpayments: ~0 rows (aproximadamente)

-- Copiando estrutura para tabela finances.costs
CREATE TABLE IF NOT EXISTS `costs` (
  `Id` char(36) CHARACTER SET ascii COLLATE ascii_general_ci NOT NULL,
  `Amount` decimal(65,30) NOT NULL,
  `Type` int NOT NULL,
  `Name` longtext NOT NULL,
  `Description` longtext NOT NULL,
  `DateCreated` datetime(6) NOT NULL,
  `LastUpdate` datetime(6) DEFAULT NULL,
  `CassiaPercentage` decimal(65,30) NOT NULL DEFAULT '0.000000000000000000000000000000',
  `DanielPercentage` decimal(65,30) NOT NULL DEFAULT '0.000000000000000000000000000000',
  PRIMARY KEY (`Id`)
) ENGINE=InnoDB DEFAULT CHARSET=utf8mb4 COLLATE=utf8mb4_0900_ai_ci;

-- Copiando dados para a tabela finances.costs: ~0 rows (aproximadamente)

-- Copiando estrutura para tabela finances.entries
CREATE TABLE IF NOT EXISTS `entries` (
  `Id` char(36) CHARACTER SET ascii COLLATE ascii_general_ci NOT NULL,
  `Amount` decimal(65,30) NOT NULL,
  `Observation` longtext NOT NULL,
  `ReserveId` char(36) CHARACTER SET ascii COLLATE ascii_general_ci NOT NULL,
  `DateCreated` datetime(6) NOT NULL,
  `LastUpdate` datetime(6) DEFAULT NULL,
  PRIMARY KEY (`Id`),
  KEY `IX_Entries_ReserveId` (`ReserveId`),
  CONSTRAINT `FK_Entries_Reserves_ReserveId` FOREIGN KEY (`ReserveId`) REFERENCES `reserves` (`Id`) ON DELETE CASCADE
) ENGINE=InnoDB DEFAULT CHARSET=utf8mb4 COLLATE=utf8mb4_0900_ai_ci;

-- Copiando dados para a tabela finances.entries: ~122 rows (aproximadamente)
REPLACE INTO `entries` (`Id`, `Amount`, `Observation`, `ReserveId`, `DateCreated`, `LastUpdate`) VALUES
	('00418d68-a010-4e91-99d1-54a3f4e54655', 415.830000000000000000000000000000, '', '65e339d4-54db-488f-be86-a290ba628b20', '2023-09-08 15:41:18.769219', '2023-09-08 15:41:18.769219'),
	('08dbdad7-8d67-42bf-88a2-02fa51a72d0e', 600.000000000000000000000000000000, '', '474243ce-4d9a-40a6-9d3f-5f0d3b84b377', '2023-11-01 12:39:12.749570', '2023-11-01 12:39:12.749570'),
	('08dbdad7-b5e1-47e1-82f6-9ab1d6dca5c7', 400.000000000000000000000000000000, '', '50479d77-144f-43e9-89d0-03efd7307714', '2023-11-01 12:40:20.730706', '2023-11-01 12:40:20.730706'),
	('08dbdad7-db54-4924-887f-0e4a250fad22', 100.000000000000000000000000000000, '', '50479d77-144f-43e9-89d0-03efd7307714', '2023-11-01 12:41:23.563264', '2023-11-01 12:41:23.563264'),
	('08dbdad8-ba16-4ed6-8db3-ad3c4f0de66c', 100.000000000000000000000000000000, '', '76a9d9a7-2a7f-4760-86dd-57b3866d4cd4', '2023-11-01 12:47:37.230564', '2023-11-01 12:47:37.230564'),
	('08dbdafe-6309-4600-8b57-ef090af3f25d', 7.160000000000000000000000000000, '', '710e7aab-e945-4636-81e2-150263372eb0', '2023-11-01 17:17:12.073733', '2023-11-01 17:17:12.073733'),
	('08dbdafe-6c71-47e9-81d4-95c4cb1c5e32', 7.160000000000000000000000000000, '', '65e339d4-54db-488f-be86-a290ba628b20', '2023-11-01 17:17:27.896272', '2023-11-01 17:17:27.896272'),
	('08dbf1b4-d6ac-4a35-8038-07803925540a', 600.000000000000000000000000000000, '', '474243ce-4d9a-40a6-9d3f-5f0d3b84b377', '2023-11-30 14:58:40.048778', '2023-11-30 14:58:40.048778'),
	('08dbf1b4-e816-4c7b-8f22-51060aaf7bfc', 500.000000000000000000000000000000, '', '50479d77-144f-43e9-89d0-03efd7307714', '2023-11-30 14:59:09.325221', '2023-11-30 14:59:09.325221'),
	('08dbf1b5-0b3e-4ead-83a9-ae2cb56313fa', 500.000000000000000000000000000000, '', '76a9d9a7-2a7f-4760-86dd-57b3866d4cd4', '2023-11-30 15:00:08.310284', '2023-11-30 15:00:08.310284'),
	('08dbf1b5-81c4-44b7-872e-5da70ac58d78', 1500.000000000000000000000000000000, '', '710e7aab-e945-4636-81e2-150263372eb0', '2023-11-30 15:03:27.155424', '2023-11-30 15:03:27.155424'),
	('08dbf1b5-8988-457c-8af9-fdd19a77a685', 400.000000000000000000000000000000, '', '65e339d4-54db-488f-be86-a290ba628b20', '2023-11-30 15:03:40.184410', '2023-11-30 15:03:40.184410'),
	('08dbf1b5-a809-4b6c-8218-a9ea3f1b43e4', 500.000000000000000000000000000000, '', '76a9d9a7-2a7f-4760-86dd-57b3866d4cd4', '2023-11-30 15:04:31.363720', '2023-11-30 15:04:31.363720'),
	('08dbf1b5-b47f-4912-8dbd-7ac904707003', 300.000000000000000000000000000000, '', '11c9c097-74ba-4fe9-87aa-042fe0e8421f', '2023-11-30 15:04:52.268966', '2023-11-30 15:04:52.268966'),
	('08dbf1b5-c2c1-4402-85e0-32d20d069949', 400.000000000000000000000000000000, '', '0f60a24b-cb6b-4fab-a5ff-c4cb24f68bdb', '2023-11-30 15:05:16.187554', '2023-11-30 15:05:16.187554'),
	('08dbf1b9-1dc7-4b38-8ce6-ec7038e35884', 6.270000000000000000000000000000, 'Distribuíção dos lucros do investimento CDB Fibra', '65e339d4-54db-488f-be86-a290ba628b20', '2023-11-30 15:29:18.444224', '2023-11-30 15:29:18.444224'),
	('08dbf1b9-1dc7-4d2b-8514-2ac12297af25', 6.270000000000000000000000000000, 'Distribuíção dos lucros do investimento CDB Fibra', '710e7aab-e945-4636-81e2-150263372eb0', '2023-11-30 15:29:18.444224', '2023-11-30 15:29:18.444224'),
	('08dbf1b9-627e-4a7a-8209-5ca11be5a034', 10.240000000000000000000000000000, 'Distribuíção dos lucros do investimento CDB FC Financeira', '65e339d4-54db-488f-be86-a290ba628b20', '2023-11-30 15:31:12.677085', '2023-11-30 15:31:12.677085'),
	('08dbf1b9-627e-4ae0-8286-15bed09e7f76', 10.240000000000000000000000000000, 'Distribuíção dos lucros do investimento CDB FC Financeira', '710e7aab-e945-4636-81e2-150263372eb0', '2023-11-30 15:31:12.677085', '2023-11-30 15:31:12.677085'),
	('08dbf595-0b12-4897-84f7-263992269e72', 44.490000000000000000000000000000, 'Distribuíção dos lucros do investimento CDB OMNI', '710e7aab-e945-4636-81e2-150263372eb0', '2023-12-05 13:21:08.798182', '2023-12-05 13:21:08.798182'),
	('08dbf595-39e7-43b5-88ab-8b35c9e1ae0c', 8.660000000000000000000000000000, 'Distribuíção dos lucros do investimento CDB BANCO XP - RICO ', '0f60a24b-cb6b-4fab-a5ff-c4cb24f68bdb', '2023-12-05 13:22:27.346622', '2023-12-05 13:22:27.346622'),
	('08dbf595-39e7-470d-8e7d-0ea4efdb08bd', 8.660000000000000000000000000000, 'Distribuíção dos lucros do investimento CDB BANCO XP - RICO ', '11c9c097-74ba-4fe9-87aa-042fe0e8421f', '2023-12-05 13:22:27.346622', '2023-12-05 13:22:27.346622'),
	('08dbf595-39e7-47b1-8f7f-cb02d6271eec', 20.790000000000000000000000000000, 'Distribuíção dos lucros do investimento CDB BANCO XP - RICO ', '474243ce-4d9a-40a6-9d3f-5f0d3b84b377', '2023-12-05 13:22:27.346622', '2023-12-05 13:22:27.346622'),
	('08dbf595-39e7-483a-8403-66a33b97f86a', 31.190000000000000000000000000000, 'Distribuíção dos lucros do investimento CDB BANCO XP - RICO ', '50479d77-144f-43e9-89d0-03efd7307714', '2023-12-05 13:22:27.346622', '2023-12-05 13:22:27.346622'),
	('08dbf595-39e7-48b6-8d89-a19ff84af569', 8.840000000000000000000000000000, 'Distribuíção dos lucros do investimento CDB BANCO XP - RICO ', '710e7aab-e945-4636-81e2-150263372eb0', '2023-12-05 13:22:27.346622', '2023-12-05 13:22:27.346622'),
	('08dbf595-7e12-4580-8a45-de9e3c014bff', -12.680000000000000000000000000000, '', '710e7aab-e945-4636-81e2-150263372eb0', '2023-12-05 13:24:21.711954', '2023-12-05 13:24:21.711954'),
	('08dc063e-61f4-4454-890b-519ebe8a7115', 29.920000000000000000000000000000, 'Distribuíção dos lucros do investimento CDB OMNI', '0f60a24b-cb6b-4fab-a5ff-c4cb24f68bdb', '2023-12-26 18:13:38.114208', '2023-12-26 18:13:38.114208'),
	('08dc063e-61f7-4bb5-86d0-786bebf527c5', 44.830000000000000000000000000000, 'Distribuíção dos lucros do investimento CDB OMNI', '11c9c097-74ba-4fe9-87aa-042fe0e8421f', '2023-12-26 18:13:38.114208', '2023-12-26 18:13:38.114208'),
	('08dc063e-61f7-4d95-8038-641d946bbc39', 13.450000000000000000000000000000, 'Distribuíção dos lucros do investimento CDB OMNI', '38d7d177-9b5b-4ed6-9ae5-9c3ec0853af1', '2023-12-26 18:13:38.114208', '2023-12-26 18:13:38.114208'),
	('08dc063e-61f7-4df2-8f17-9a1bc6de9d0e', 46.450000000000000000000000000000, 'Distribuíção dos lucros do investimento CDB OMNI', '474243ce-4d9a-40a6-9d3f-5f0d3b84b377', '2023-12-26 18:13:38.114208', '2023-12-26 18:13:38.114208'),
	('08dc063e-ad56-4f3c-8023-2fdcecbf496a', 1.680000000000000000000000000000, 'Distribuíção dos lucros do investimento CDB Voiter', '65e339d4-54db-488f-be86-a290ba628b20', '2023-12-26 18:15:44.566690', '2023-12-26 18:15:44.566690'),
	('08dc063e-ad56-4fd5-8b0d-bd8653db6b43', 1.680000000000000000000000000000, 'Distribuíção dos lucros do investimento CDB Voiter', '710e7aab-e945-4636-81e2-150263372eb0', '2023-12-26 18:15:44.566690', '2023-12-26 18:15:44.566690'),
	('08dc063e-d0ae-492c-8872-7abacddcbb6a', 18.470000000000000000000000000000, 'Distribuíção dos lucros do investimento CDB Voiter', '65e339d4-54db-488f-be86-a290ba628b20', '2023-12-26 18:16:43.861175', '2023-12-26 18:16:43.861175'),
	('08dc063e-d0ae-49b3-8c77-da5d24b90990', 18.470000000000000000000000000000, 'Distribuíção dos lucros do investimento CDB Voiter', '710e7aab-e945-4636-81e2-150263372eb0', '2023-12-26 18:16:43.861175', '2023-12-26 18:16:43.861175'),
	('08dc0641-9982-45a1-89be-be47c0f971cb', 229.900000000000000000000000000000, '', '76a9d9a7-2a7f-4760-86dd-57b3866d4cd4', '2023-12-26 18:36:39.723231', '2023-12-26 18:36:39.723231'),
	('08dc0c55-2de4-4a1d-8172-7bdb3076555c', 700.000000000000000000000000000000, '', '474243ce-4d9a-40a6-9d3f-5f0d3b84b377', '2024-01-03 12:11:56.093727', '2024-01-03 12:11:56.093727'),
	('08dc0c55-47c3-4522-88f7-b5765b625453', 500.000000000000000000000000000000, '', '50479d77-144f-43e9-89d0-03efd7307714', '2024-01-03 12:12:39.547283', '2024-01-03 12:12:39.547283'),
	('08dc0c55-a484-4dc0-8d86-0d47b74230c1', 500.000000000000000000000000000000, '', '11c9c097-74ba-4fe9-87aa-042fe0e8421f', '2024-01-03 12:15:15.169010', '2024-01-03 12:15:15.169010'),
	('08dc0c55-ad52-415e-8868-cf96857ada3d', 500.000000000000000000000000000000, '', '38d7d177-9b5b-4ed6-9ae5-9c3ec0853af1', '2024-01-03 12:15:29.935313', '2024-01-03 12:15:29.935313'),
	('08dc0c56-0b00-4083-80fe-82282f856eb8', 500.000000000000000000000000000000, '', '65e339d4-54db-488f-be86-a290ba628b20', '2024-01-03 12:18:07.103798', '2024-01-03 12:18:07.103798'),
	('08dc0c56-389f-4d72-8f5b-caa591dbfcea', 1000.000000000000000000000000000000, '', '76a9d9a7-2a7f-4760-86dd-57b3866d4cd4', '2024-01-03 12:19:23.648663', '2024-01-03 12:19:23.648663'),
	('08dc0c5a-8f5a-4a22-81db-d53fc54f4ac0', 0.150000000000000000000000000000, '', '474243ce-4d9a-40a6-9d3f-5f0d3b84b377', '2024-01-03 12:50:27.143772', '2024-01-03 12:50:27.143772'),
	('08dc15ca-319c-4c94-8819-bdedce375a0a', 75.960000000000000000000000000000, 'Distribuíção dos lucros do investimento CDB C6', '65e339d4-54db-488f-be86-a290ba628b20', '2024-01-15 13:02:13.993439', '2024-01-15 13:02:13.993439'),
	('08dc15ca-f28b-4564-8eea-8c209f332b7b', 149.570000000000000000000000000000, '', '11c9c097-74ba-4fe9-87aa-042fe0e8421f', '2024-01-15 13:07:37.655837', '2024-01-15 13:07:37.655837'),
	('08dc15ca-f81c-47f4-85b1-827e25a69d76', 300.000000000000000000000000000000, '', '65e339d4-54db-488f-be86-a290ba628b20', '2024-01-15 13:07:46.996058', '2024-01-15 13:07:46.996058'),
	('08dc15cb-0288-4726-8757-400bc04afb2c', 300.000000000000000000000000000000, '', '710e7aab-e945-4636-81e2-150263372eb0', '2024-01-15 13:08:04.480757', '2024-01-15 13:08:04.480757'),
	('08dc2344-80b8-45f2-8e1b-d01bf0c49e74', 700.000000000000000000000000000000, '', '474243ce-4d9a-40a6-9d3f-5f0d3b84b377', '2024-02-01 16:40:30.342350', '2024-02-01 16:40:30.342350'),
	('08dc2344-9a54-46bc-8fc0-a532f2494ed7', 500.000000000000000000000000000000, '', '50479d77-144f-43e9-89d0-03efd7307714', '2024-02-01 16:41:13.371681', '2024-02-01 16:41:13.371681'),
	('08dc2344-a77d-4edb-805f-171e6754ef57', 500.000000000000000000000000000000, '', '76a9d9a7-2a7f-4760-86dd-57b3866d4cd4', '2024-02-01 16:41:35.456232', '2024-02-01 16:41:35.456232'),
	('08dc2344-b23f-4038-8254-844183efcea1', 500.000000000000000000000000000000, '', '38d7d177-9b5b-4ed6-9ae5-9c3ec0853af1', '2024-02-01 16:41:53.498864', '2024-02-01 16:41:53.498864'),
	('08dc2344-c0a7-4bf3-8a95-ec01b0211574', 500.000000000000000000000000000000, '', '0f60a24b-cb6b-4fab-a5ff-c4cb24f68bdb', '2024-02-01 16:42:17.673401', '2024-02-01 16:42:17.673401'),
	('08dc2358-9507-403a-8edb-211c14744a11', 186.050000000000000000000000000000, 'Distribuíção dos lucros do investimento CDB BMG', '50479d77-144f-43e9-89d0-03efd7307714', '2024-02-01 19:04:14.435529', '2024-02-01 19:04:14.435529'),
	('08dc2358-c55c-411c-8775-8c7607b5ab5c', 2.240000000000000000000000000000, 'Distribuíção dos lucros do investimento PagBank', '0f60a24b-cb6b-4fab-a5ff-c4cb24f68bdb', '2024-02-01 19:05:35.501638', '2024-02-01 19:05:35.501638'),
	('08dc2358-e174-4b85-8545-eb1b44001a7e', 17.320000000000000000000000000000, 'Distribuíção dos lucros do investimento CDB PAN', '0f60a24b-cb6b-4fab-a5ff-c4cb24f68bdb', '2024-02-01 19:06:22.639867', '2024-02-01 19:06:22.639867'),
	('08dc2358-e174-4dae-8d1b-e0ca9e165116', 24.250000000000000000000000000000, 'Distribuíção dos lucros do investimento CDB PAN', '11c9c097-74ba-4fe9-87aa-042fe0e8421f', '2024-02-01 19:06:22.639867', '2024-02-01 19:06:22.639867'),
	('08dc2358-e174-4e17-8691-f068ffbf581c', 48.510000000000000000000000000000, 'Distribuíção dos lucros do investimento CDB PAN', '38d7d177-9b5b-4ed6-9ae5-9c3ec0853af1', '2024-02-01 19:06:22.639867', '2024-02-01 19:06:22.639867'),
	('08dc2358-e174-4e65-81dc-73814054fd8a', 38.110000000000000000000000000000, 'Distribuíção dos lucros do investimento CDB PAN', '50479d77-144f-43e9-89d0-03efd7307714', '2024-02-01 19:06:22.639867', '2024-02-01 19:06:22.639867'),
	('08dc2358-e174-4eae-8acf-429780383b94', 12.610000000000000000000000000000, 'Distribuíção dos lucros do investimento CDB PAN', '710e7aab-e945-4636-81e2-150263372eb0', '2024-02-01 19:06:22.639867', '2024-02-01 19:06:22.639867'),
	('08dc2358-fe91-4912-87d6-74e23f29d2c1', 1.220000000000000000000000000000, 'Distribuíção dos lucros do investimento CDB BMG', '710e7aab-e945-4636-81e2-150263372eb0', '2024-02-01 19:07:11.481576', '2024-02-01 19:07:11.481576'),
	('08dc290a-e9dc-4de2-8f53-276e8992b769', -2246.660000000000000000000000000000, '', '65e339d4-54db-488f-be86-a290ba628b20', '2024-02-09 01:03:22.944486', '2024-02-09 01:03:22.944486'),
	('08dc290a-fa02-4948-851a-0f1e6de2052a', 2246.660000000000000000000000000000, '', '6c57eaef-4f98-4501-aa68-efde01754dbf', '2024-02-09 01:03:50.064237', '2024-02-09 01:03:50.064237'),
	('08dc290d-b218-4917-8112-4e1764f87548', 190.420000000000000000000000000000, '', '710e7aab-e945-4636-81e2-150263372eb0', '2024-02-09 01:23:17.903456', '2024-02-09 01:23:17.903456'),
	('08dc290e-7de6-4bd7-83bd-86686e5f1536', 34.470000000000000000000000000000, '', '11c9c097-74ba-4fe9-87aa-042fe0e8421f', '2024-02-09 01:28:59.832064', '2024-02-09 01:28:59.832064'),
	('08dc290f-c510-4eff-8380-3b312c4b3c9a', 618.050000000000000000000000000000, '', '76a9d9a7-2a7f-4760-86dd-57b3866d4cd4', '2024-02-09 01:38:08.723593', '2024-02-09 01:38:08.723593'),
	('08dc3964-3b3c-4ac2-896c-d52b3264dd46', 700.000000000000000000000000000000, '', '474243ce-4d9a-40a6-9d3f-5f0d3b84b377', '2024-02-29 20:23:03.240713', '2024-02-29 20:23:03.240713'),
	('08dc3964-5738-4bb6-8413-e981d25652c5', 704.040000000000000000000000000000, '', '50479d77-144f-43e9-89d0-03efd7307714', '2024-02-29 20:23:50.259363', '2024-02-29 20:23:50.259363'),
	('08dc3964-78f8-4c81-83c2-ad4868918202', 500.000000000000000000000000000000, '', '76a9d9a7-2a7f-4760-86dd-57b3866d4cd4', '2024-02-29 20:24:46.884948', '2024-02-29 20:24:46.884948'),
	('08dc3964-8b99-4557-8f16-567edd05788c', 500.000000000000000000000000000000, '', '0f60a24b-cb6b-4fab-a5ff-c4cb24f68bdb', '2024-02-29 20:25:18.135820', '2024-02-29 20:25:18.135820'),
	('08dc3964-9c82-4d7c-88d6-67482413ad5f', 500.000000000000000000000000000000, '', '65e339d4-54db-488f-be86-a290ba628b20', '2024-02-29 20:25:46.509953', '2024-02-29 20:25:46.509953'),
	('08dc3964-aac6-4f84-8de4-6c403145f382', 500.000000000000000000000000000000, '', '11c9c097-74ba-4fe9-87aa-042fe0e8421f', '2024-02-29 20:26:10.444383', '2024-02-29 20:26:10.444383'),
	('08dc5954-726f-4c62-86f5-c5c836ba2c60', 700.000000000000000000000000000000, '', '474243ce-4d9a-40a6-9d3f-5f0d3b84b377', '2024-04-10 11:50:41.120469', '2024-04-10 11:50:41.120469'),
	('08dc5954-8633-4848-8294-31ea3d670434', 500.000000000000000000000000000000, '', '76a9d9a7-2a7f-4760-86dd-57b3866d4cd4', '2024-04-10 11:51:14.338725', '2024-04-10 11:51:14.338725'),
	('08dc5954-8f25-4283-841b-97da81f2bf4c', 500.000000000000000000000000000000, '', '0f60a24b-cb6b-4fab-a5ff-c4cb24f68bdb', '2024-04-10 11:51:29.346843', '2024-04-10 11:51:29.346843'),
	('08dc5954-b90f-427f-8927-a472607186d3', 500.000000000000000000000000000000, '', '65e339d4-54db-488f-be86-a290ba628b20', '2024-04-10 11:52:39.666938', '2024-04-10 11:52:39.666938'),
	('08dc6577-abdc-480c-896e-c8c277c588e6', 67.070000000000000000000000000000, 'Distribuíção dos lucros do investimento Voiter', '11c9c097-74ba-4fe9-87aa-042fe0e8421f', '2024-04-25 22:33:03.856677', '2024-04-25 22:33:03.856677'),
	('08dc6577-abdc-4ead-8422-43eb4c1e72c7', 11.960000000000000000000000000000, 'Distribuíção dos lucros do investimento Voiter', '38d7d177-9b5b-4ed6-9ae5-9c3ec0853af1', '2024-04-25 22:33:03.856677', '2024-04-25 22:33:03.856677'),
	('08dc6577-abdc-4ed2-8c5f-b062517d9002', 10.240000000000000000000000000000, 'Distribuíção dos lucros do investimento Voiter', '474243ce-4d9a-40a6-9d3f-5f0d3b84b377', '2024-04-25 22:33:03.856677', '2024-04-25 22:33:03.856677'),
	('08dc6577-abdc-4efb-8596-a6e988f30062', 22.230000000000000000000000000000, 'Distribuíção dos lucros do investimento Voiter', '50479d77-144f-43e9-89d0-03efd7307714', '2024-04-25 22:33:03.856677', '2024-04-25 22:33:03.856677'),
	('08dc6577-abdc-4f1e-84c3-ae9d75baf9b8', 55.960000000000000000000000000000, 'Distribuíção dos lucros do investimento Voiter', '710e7aab-e945-4636-81e2-150263372eb0', '2024-04-25 22:33:03.856677', '2024-04-25 22:33:03.856677'),
	('08dc6577-b76c-45ba-886c-c475a746a2db', 13.650000000000000000000000000000, 'Distribuíção dos lucros do investimento Mizuho', '50479d77-144f-43e9-89d0-03efd7307714', '2024-04-25 22:33:23.261225', '2024-04-25 22:33:23.261225'),
	('08dc6577-d735-448a-8faa-0dce0428d254', 11.800000000000000000000000000000, 'Distribuíção dos lucros do investimento LCA BOCOM BBM', '11c9c097-74ba-4fe9-87aa-042fe0e8421f', '2024-04-25 22:34:16.587312', '2024-04-25 22:34:16.587312'),
	('08dc6577-d735-44ba-8b08-070f2508fb84', 103.840000000000000000000000000000, 'Distribuíção dos lucros do investimento LCA BOCOM BBM', '50479d77-144f-43e9-89d0-03efd7307714', '2024-04-25 22:34:16.587312', '2024-04-25 22:34:16.587312'),
	('08dc6577-d735-44da-8904-7fb193a700da', 6.080000000000000000000000000000, 'Distribuíção dos lucros do investimento LCA BOCOM BBM', '710e7aab-e945-4636-81e2-150263372eb0', '2024-04-25 22:34:16.587312', '2024-04-25 22:34:16.587312'),
	('08dc6578-6b99-41a5-884a-89610fd00c5b', 5.520000000000000000000000000000, 'Distribuíção dos lucros do investimento LCI Banco Inter', '50479d77-144f-43e9-89d0-03efd7307714', '2024-04-25 22:38:25.544340', '2024-04-25 22:38:25.544340'),
	('08dc6578-a675-4892-80e5-04ac8655edab', 2.100000000000000000000000000000, 'Distribuíção dos lucros do investimento CDB Pagbank ', '38d7d177-9b5b-4ed6-9ae5-9c3ec0853af1', '2024-04-25 22:40:04.296816', '2024-04-25 22:40:04.296816'),
	('08dc6578-a675-48cb-8389-86dd1473c614', 3.760000000000000000000000000000, 'Distribuíção dos lucros do investimento CDB Pagbank ', '710e7aab-e945-4636-81e2-150263372eb0', '2024-04-25 22:40:04.296816', '2024-04-25 22:40:04.296816'),
	('08dc6578-b9a4-49db-8086-c5a7880db7b1', 24.800000000000000000000000000000, 'Distribuíção dos lucros do investimento CDB OMNI', '65e339d4-54db-488f-be86-a290ba628b20', '2024-04-25 22:40:36.482091', '2024-04-25 22:40:36.482091'),
	('08dc6578-b9a4-4a32-8706-65aa7b1204ff', 24.800000000000000000000000000000, 'Distribuíção dos lucros do investimento CDB OMNI', '710e7aab-e945-4636-81e2-150263372eb0', '2024-04-25 22:40:36.482091', '2024-04-25 22:40:36.482091'),
	('08dc6578-c868-40fd-8c7b-39db26fbdc55', 55.000000000000000000000000000000, 'Distribuíção dos lucros do investimento CDB BMG', '65e339d4-54db-488f-be86-a290ba628b20', '2024-04-25 22:41:01.251088', '2024-04-25 22:41:01.251088'),
	('08dc6578-c868-4135-8db3-ef6d5674c9d7', 55.000000000000000000000000000000, 'Distribuíção dos lucros do investimento CDB BMG', '710e7aab-e945-4636-81e2-150263372eb0', '2024-04-25 22:41:01.251088', '2024-04-25 22:41:01.251088'),
	('08dc657b-6b16-491a-8174-18da8ae1557b', 552.200000000000000000000000000000, 'Incremento', '65e339d4-54db-488f-be86-a290ba628b20', '2024-04-25 22:59:53.179121', '2024-04-25 22:59:53.179121'),
	('08dc657b-9f8e-4217-871f-828c52a7cb49', 1723.900000000000000000000000000000, 'Incremento', '11c9c097-74ba-4fe9-87aa-042fe0e8421f', '2024-04-25 23:01:21.204192', '2024-04-25 23:01:21.204192'),
	('08dc657b-b979-49fa-8689-a30255bb6d88', 3000.000000000000000000000000000000, 'Incremento', '0f60a24b-cb6b-4fab-a5ff-c4cb24f68bdb', '2024-04-25 23:02:04.690551', '2024-04-25 23:02:04.690551'),
	('08dc657b-d7e7-46d8-88b3-1fde19e9845f', 11179.840000000000000000000000000000, 'Incremento', '710e7aab-e945-4636-81e2-150263372eb0', '2024-04-25 23:02:55.741812', '2024-04-25 23:02:55.741812'),
	('08dc657c-01dd-4a90-80c8-fff70ce1dc32', 2153.560000000000000000000000000000, 'Incremento', '76a9d9a7-2a7f-4760-86dd-57b3866d4cd4', '2024-04-25 23:04:06.142131', '2024-04-25 23:04:06.142131'),
	('08dc657c-229c-469a-82a1-2c141e48399d', 1500.000000000000000000000000000000, 'Incremento', '6c57eaef-4f98-4501-aa68-efde01754dbf', '2024-04-25 23:05:01.079340', '2024-04-25 23:05:01.079340'),
	('08dc657c-38af-4a18-8445-dc7293ae4a84', 140.560000000000000000000000000000, 'Incremento', '6c57eaef-4f98-4501-aa68-efde01754dbf', '2024-04-25 23:05:38.115166', '2024-04-25 23:05:38.115166'),
	('08dc657c-5fc9-41c2-8304-936cde58d8ea', 1000.000000000000000000000000000000, 'Incremento', '76a9d9a7-2a7f-4760-86dd-57b3866d4cd4', '2024-04-25 23:06:43.713286', '2024-04-25 23:06:43.713286'),
	('08dc6603-ab63-4d72-8b0e-1a9cae2794d3', 1085.130000000000000000000000000000, '', '48e33872-6c9e-4f9c-95a3-8350311108bc', '2024-04-26 15:15:12.614731', '2024-04-26 15:15:12.614731'),
	('08dc6628-2ef8-42b8-8398-fcf90cd74313', 84.380000000000000000000000000000, '', '0f60a24b-cb6b-4fab-a5ff-c4cb24f68bdb', '2024-04-26 19:36:35.249342', '2024-04-26 19:36:35.249342'),
	('0b1d2ff6-5e84-43d9-87e8-e0d18a0dbcdc', 250.000000000000000000000000000000, '', '11c9c097-74ba-4fe9-87aa-042fe0e8421f', '2023-10-10 00:29:36.984638', '2023-10-10 00:29:36.984638'),
	('0e59add4-82e8-41fa-b9b0-d78db037c0c0', 2072.480000000000000000000000000000, 'Unificada reserva de Gastos', '474243ce-4d9a-40a6-9d3f-5f0d3b84b377', '2023-09-08 16:34:33.626727', '2023-09-08 16:34:33.626727'),
	('0fe5a7ae-9ccf-4528-9f88-b9f1e9915cfa', 1400.000000000000000000000000000000, '', '38d7d177-9b5b-4ed6-9ae5-9c3ec0853af1', '2023-09-08 15:25:08.547234', '2023-09-08 15:25:08.547234'),
	('1541e462-383b-4b58-9442-06892c03ccef', 0.020000000000000000000000000000, '', '65e339d4-54db-488f-be86-a290ba628b20', '2023-09-08 16:18:22.343663', '2023-09-08 16:18:22.343663'),
	('170a2a84-9a69-47cd-b52c-cff6968bc0eb', 200.000000000000000000000000000000, '', '474243ce-4d9a-40a6-9d3f-5f0d3b84b377', '2023-09-08 18:24:29.273932', '2023-09-08 18:24:29.273932'),
	('19fb1c92-c626-4759-a957-fc523a8eeb68', 4429.940000000000000000000000000000, '', '65e339d4-54db-488f-be86-a290ba628b20', '2023-09-08 15:30:16.253543', '2023-09-08 15:30:16.253543'),
	('258fce0a-de7d-4009-ab80-9d69202a901c', 400.000000000000000000000000000000, 'Movido do FII.', '50479d77-144f-43e9-89d0-03efd7307714', '2023-10-10 00:24:47.678948', '2023-10-10 00:24:47.678948'),
	('359b6dd3-6e47-4b5c-8f2e-bd55d77a641b', 600.000000000000000000000000000000, '', '38d7d177-9b5b-4ed6-9ae5-9c3ec0853af1', '2023-09-08 18:28:45.385367', '2023-09-08 18:28:45.385367'),
	('368a84bd-31e4-4cb4-a893-8f02ea62e1dc', 317.020000000000000000000000000000, '', '76a9d9a7-2a7f-4760-86dd-57b3866d4cd4', '2023-09-25 00:23:06.562324', '2023-09-25 00:23:06.562324'),
	('39d82f9f-22da-460f-8f95-45102f363e9b', 3011.360000000000000000000000000000, '', '76a9d9a7-2a7f-4760-86dd-57b3866d4cd4', '2023-09-08 16:43:55.096952', '2023-09-08 16:43:55.096952'),
	('3b910c00-2d0e-4fa2-8021-21d1306f69a6', 200.000000000000000000000000000000, '', '11c9c097-74ba-4fe9-87aa-042fe0e8421f', '2023-09-08 18:39:40.682566', '2023-09-08 18:39:40.682566'),
	('4099387f-6e2e-4e23-8052-dc83fe8d5ab0', -400.000000000000000000000000000000, 'Movido para outra reserva.', '76a9d9a7-2a7f-4760-86dd-57b3866d4cd4', '2023-10-10 00:24:23.571770', '2023-10-10 00:24:23.571770'),
	('51b2e004-3827-4c09-9a12-8be2058c756f', 16200.000000000000000000000000000000, '', '474243ce-4d9a-40a6-9d3f-5f0d3b84b377', '2023-09-08 15:24:44.688930', '2023-09-08 15:24:44.688930'),
	('5e13ae66-0789-4250-a859-a7b1194d5362', -40.610000000000000000000000000000, 'Correção, este valor deveria ir para Emergência - Daniel', '65e339d4-54db-488f-be86-a290ba628b20', '2023-10-10 00:43:00.275430', '2023-10-10 00:43:00.275430'),
	('61fc4253-40ef-43d1-9714-a2f366bc4c18', 600.000000000000000000000000000000, '', '474243ce-4d9a-40a6-9d3f-5f0d3b84b377', '2023-10-01 22:49:46.939589', '2023-10-01 22:49:46.939589'),
	('83a5d5dc-933e-4482-956a-f38bbd62926b', 40.610000000000000000000000000000, 'Correção, este valor veio do laçamento incorreto para Canadá', '50479d77-144f-43e9-89d0-03efd7307714', '2023-10-10 00:43:38.602680', '2023-10-10 00:43:38.602680'),
	('84fd933e-afd9-4244-8f3c-2a8814918239', 500.000000000000000000000000000000, '', '0f60a24b-cb6b-4fab-a5ff-c4cb24f68bdb', '2023-09-08 18:33:06.972393', '2023-09-08 18:33:06.972393'),
	('859149b1-5e60-48ec-8735-7550e054bd62', 6279.130000000000000000000000000000, '', '710e7aab-e945-4636-81e2-150263372eb0', '2023-09-08 15:50:29.316753', '2023-09-08 15:50:29.316753'),
	('8863ffb3-8350-4276-89cc-bdb199c163d7', 3500.000000000000000000000000000000, '', '0f60a24b-cb6b-4fab-a5ff-c4cb24f68bdb', '2023-09-08 15:26:37.600415', '2023-09-08 15:26:37.600415'),
	('8878eaa0-cd35-440f-b68f-53c7071ed95d', 500.000000000000000000000000000000, '', '11c9c097-74ba-4fe9-87aa-042fe0e8421f', '2023-09-08 18:24:20.529458', '2023-09-08 18:24:20.529458'),
	('939c5285-b43d-4940-aa34-d96501eea5bb', 500.000000000000000000000000000000, '', '710e7aab-e945-4636-81e2-150263372eb0', '2023-09-08 18:39:33.586571', '2023-09-08 18:39:33.586571'),
	('9843a735-e3a9-4c84-bf38-5866c7ef80e0', 500.000000000000000000000000000000, '', '50479d77-144f-43e9-89d0-03efd7307714', '2023-10-01 22:50:00.122130', '2023-10-01 22:50:00.122130'),
	('a02379b0-3db7-4eaa-bc48-820f57bb38aa', 1100.000000000000000000000000000000, '', '50479d77-144f-43e9-89d0-03efd7307714', '2023-09-08 18:33:20.691660', '2023-09-08 18:33:20.691660'),
	('ad5fc684-5555-4a6e-a42f-176b0aef9b1b', 400.000000000000000000000000000000, '', '76a9d9a7-2a7f-4760-86dd-57b3866d4cd4', '2023-10-01 22:50:28.956146', '2023-10-01 22:50:28.956146'),
	('aed96205-b4a0-40ba-b801-00d76f93eac9', 250.000000000000000000000000000000, '', '0f60a24b-cb6b-4fab-a5ff-c4cb24f68bdb', '2023-10-10 00:29:08.518729', '2023-10-10 00:29:08.518729'),
	('cb9cf57e-aca2-4bbb-ab4a-6fa7224aaa00', 40.610000000000000000000000000000, 'Retorno Investimento PR Banco.', '65e339d4-54db-488f-be86-a290ba628b20', '2023-10-09 16:07:43.274319', '2023-10-09 16:07:43.274319'),
	('ce2bb7b5-efbe-458b-bc2f-7718572858ec', 2408.610000000000000000000000000000, '', '48e33872-6c9e-4f9c-95a3-8350311108bc', '2023-09-08 15:46:07.909019', '2023-09-08 15:46:07.909019'),
	('d84de18f-1d5c-4830-b297-cb7fb6299399', 6500.000000000000000000000000000000, '', '65e339d4-54db-488f-be86-a290ba628b20', '2023-09-08 15:25:42.433220', '2023-09-08 15:25:42.433220'),
	('e1d31b43-614c-4364-8b18-4dcff4c5772f', 255.000000000000000000000000000000, '', '710e7aab-e945-4636-81e2-150263372eb0', '2023-10-10 00:29:47.453241', '2023-10-10 00:29:47.453241'),
	('e3b88247-8625-4ed6-9512-9fa2055affc3', 15000.000000000000000000000000000000, '', '50479d77-144f-43e9-89d0-03efd7307714', '2023-09-08 15:26:09.902865', '2023-09-08 15:26:09.902865'),
	('e5026a49-071f-4ece-bc98-73c60cb20949', 17.990000000000000000000000000000, 'Retorno de investimentos', '0f60a24b-cb6b-4fab-a5ff-c4cb24f68bdb', '2023-10-14 00:05:11.386403', '2023-10-14 00:05:11.386403'),
	('f44666ac-87bd-4e08-943b-e22dd43a11f9', -100.260000000000000000000000000000, 'Movido para FII', '710e7aab-e945-4636-81e2-150263372eb0', '2023-09-25 00:26:47.411271', '2023-09-25 00:26:47.411271'),
	('f4fb3a0b-e44b-4d75-ae82-7c3a2b495ac2', 2000.000000000000000000000000000000, '', '11c9c097-74ba-4fe9-87aa-042fe0e8421f', '2023-09-08 15:27:49.571735', '2023-09-08 15:27:49.571735'),
	('fa2914f2-747d-4775-ad2d-d40e7c830c5b', -200.000000000000000000000000000000, 'Movido para FII', '474243ce-4d9a-40a6-9d3f-5f0d3b84b377', '2023-09-25 00:25:47.707542', '2023-09-25 00:25:47.707542');

-- Copiando estrutura para tabela finances.investmenthistory
CREATE TABLE IF NOT EXISTS `investmenthistory` (
  `Id` char(36) CHARACTER SET ascii COLLATE ascii_general_ci NOT NULL,
  `Amount` decimal(65,30) NOT NULL,
  `InvestmentId` char(36) CHARACTER SET ascii COLLATE ascii_general_ci NOT NULL,
  `DateCreated` datetime(6) NOT NULL,
  `LastUpdate` datetime(6) DEFAULT NULL,
  PRIMARY KEY (`Id`),
  KEY `IX_InvestmentHistory_InvestmentId` (`InvestmentId`),
  CONSTRAINT `FK_InvestmentHistory_Investments_InvestmentId` FOREIGN KEY (`InvestmentId`) REFERENCES `investments` (`Id`) ON DELETE CASCADE
) ENGINE=InnoDB DEFAULT CHARSET=utf8mb4 COLLATE=utf8mb4_0900_ai_ci;

-- Copiando dados para a tabela finances.investmenthistory: ~0 rows (aproximadamente)

-- Copiando estrutura para tabela finances.investments
CREATE TABLE IF NOT EXISTS `investments` (
  `Id` char(36) CHARACTER SET ascii COLLATE ascii_general_ci NOT NULL,
  `Name` longtext NOT NULL,
  `StartAmount` decimal(65,30) NOT NULL,
  `CurrentAmount` decimal(65,30) NOT NULL,
  `Rentability` decimal(65,30) NOT NULL,
  `Type` int NOT NULL,
  `Account` int NOT NULL,
  `DateCreated` datetime(6) NOT NULL,
  `LastUpdate` datetime(6) DEFAULT NULL,
  `EndDate` datetime(6) NOT NULL DEFAULT '0001-01-01 00:00:00.000000',
  `Status` int NOT NULL DEFAULT '0',
  PRIMARY KEY (`Id`)
) ENGINE=InnoDB DEFAULT CHARSET=utf8mb4 COLLATE=utf8mb4_0900_ai_ci;

-- Copiando dados para a tabela finances.investments: ~25 rows (aproximadamente)
REPLACE INTO `investments` (`Id`, `Name`, `StartAmount`, `CurrentAmount`, `Rentability`, `Type`, `Account`, `DateCreated`, `LastUpdate`, `EndDate`, `Status`) VALUES
	('08dc661a-a261-439e-8a58-9eafa4d698e3', 'Wise', 3887.220000000000000000000000000000, 3887.220000000000000000000000000000, 0.000000000000000000000000000000, 5, 4, '2024-04-26 17:59:35.963682', '2024-04-26 17:59:35.963682', '2030-04-26 00:00:00.000000', 0),
	('08dc661a-cdf1-4219-83d8-90d16f56b6ba', 'Previdência', 3493.740000000000000000000000000000, 3493.740000000000000000000000000000, 0.000000000000000000000000000000, 1, 3, '2024-04-26 18:00:49.008737', '2024-04-26 18:00:49.008737', '2080-04-26 00:00:00.000000', 0),
	('08dc661b-3fb1-4b90-8782-6bd1c75f9ef5', 'FII', 10929.890000000000000000000000000000, 10929.890000000000000000000000000000, 0.000000000000000000000000000000, 2, 2, '2024-04-26 18:03:59.853151', '2024-04-26 18:03:59.853151', '2030-04-26 00:00:00.000000', 0),
	('08dc6625-c636-4772-8f11-3f765c92d42f', 'Tesouro Direto Selic - RICO', 5963.400000000000000000000000000000, 5963.400000000000000000000000000000, 10.000000000000000000000000000000, 1, 1, '2024-04-26 19:19:20.505073', '2024-04-26 19:39:36.888404', '2027-03-01 00:00:00.000000', 0),
	('08dc6625-fb2e-47e1-8f38-3641872236d4', 'CDB BMG - RICO', 881.560000000000000000000000000000, 881.560000000000000000000000000000, 14.000000000000000000000000000000, 0, 1, '2024-04-26 19:20:49.372880', '2024-04-26 19:20:55.943718', '2024-09-13 00:00:00.000000', 0),
	('08dc6626-1ed4-4fbb-8101-95af6043422a', 'CDB BANCO PAN - RICO', 8499.730000000000000000000000000000, 8499.730000000000000000000000000000, 14.000000000000000000000000000000, 0, 1, '2024-04-26 19:21:49.183410', '2024-04-26 19:21:49.183410', '2024-09-07 00:00:00.000000', 0),
	('08dc6626-34eb-46bc-8540-97907fbb3c70', 'CDB BANCO MASTER - RICO', 6000.000000000000000000000000000000, 6000.000000000000000000000000000000, 15.200000000000000000000000000000, 0, 1, '2024-04-26 19:22:26.240350', '2024-04-26 19:23:25.241148', '2027-06-25 00:00:00.000000', 0),
	('08dc6626-5362-4f92-89d9-4b4fc5c451e1', 'CDB BANCO MASTER ', 3000.000000000000000000000000000000, 3000.000000000000000000000000000000, 12.670000000000000000000000000000, 0, 1, '2024-04-26 19:23:17.355577', '2024-04-26 19:23:17.355577', '2027-03-23 00:00:00.000000', 0),
	('08dc6626-6afa-48e8-89c2-a1d43de3e80a', 'CDB BMG', 4473.060000000000000000000000000000, 4473.060000000000000000000000000000, 15.510000000000000000000000000000, 0, 1, '2024-04-26 19:23:56.936527', '2024-04-26 19:23:56.936527', '2024-08-23 00:00:00.000000', 0),
	('08dc6626-7ecc-487b-801a-bb6ff6f37089', 'CDB BMG', 1076.440000000000000000000000000000, 1076.440000000000000000000000000000, 14.700000000000000000000000000000, 0, 1, '2024-04-26 19:24:30.189264', '2024-04-26 19:24:30.189264', '2024-08-19 00:00:00.000000', 0),
	('08dc6626-9367-41a2-814b-3e70092b0f91', 'CDB VOITER', 1000.000000000000000000000000000000, 1000.000000000000000000000000000000, 112.500000000000000000000000000000, 0, 1, '2024-04-26 19:25:04.756699', '2024-04-26 19:25:04.756699', '2024-07-08 00:00:00.000000', 0),
	('08dc6626-a839-4ef6-8d7a-133a7287d058', 'CDB BANCO PAN', 1000.000000000000000000000000000000, 1000.000000000000000000000000000000, 115.000000000000000000000000000000, 0, 1, '2024-04-26 19:25:39.692974', '2024-04-26 19:25:39.692974', '2025-06-04 00:00:00.000000', 0),
	('08dc6626-bac7-4592-89c1-bea66e3567c0', 'CDB BANCO MASTER', 2146.530000000000000000000000000000, 2146.530000000000000000000000000000, 14.550000000000000000000000000000, 0, 1, '2024-04-26 19:26:10.818602', '2024-04-26 19:26:10.818602', '2029-04-16 00:00:00.000000', 0),
	('08dc6626-d631-439d-8011-c958dcedfaa5', 'LCA BANCO CNH CAPITAL', 6013.670000000000000000000000000000, 6274.180000000000000000000000000000, 100.000000000000000000000000000000, 4, 1, '2024-04-26 19:26:56.810970', '2024-04-26 19:44:13.942774', '2028-11-22 00:00:00.000000', 0),
	('08dc6626-f0c3-4c87-8256-746e508f602f', 'LCA BTG PACTUAL', 3104.560000000000000000000000000000, 3242.600000000000000000000000000000, 100.000000000000000000000000000000, 4, 1, '2024-04-26 19:27:41.392225', '2024-04-26 19:44:27.786913', '2024-06-03 00:00:00.000000', 0),
	('08dc6627-09e4-4f41-82e5-b877198e0d1a', 'LCI BANCO BARI', 25.060000000000000000000000000000, 26.180000000000000000000000000000, 100.000000000000000000000000000000, 3, 1, '2024-04-26 19:28:23.552611', '2024-04-26 19:44:41.365682', '2024-12-03 00:00:00.000000', 0),
	('08dc6627-23bd-4308-87dc-7a9580dde6c8', 'LCA RIBEIRÃO PRETO', 505.660000000000000000000000000000, 521.960000000000000000000000000000, 95.970000000000000000000000000000, 4, 1, '2024-04-26 19:29:06.912779', '2024-04-26 19:45:09.811381', '2024-06-20 00:00:00.000000', 0),
	('08dc6627-3889-40e5-8108-57de088fc991', 'LCI BRB', 3006.120000000000000000000000000000, 3106.560000000000000000000000000000, 96.470000000000000000000000000000, 3, 1, '2024-04-26 19:29:41.803319', '2024-04-26 19:44:54.761271', '2024-12-10 00:00:00.000000', 0),
	('08dc6627-48d1-4e11-8985-f5ffff518ef6', 'LCI RIBEIRÃO PRETO', 749.580000000000000000000000000000, 773.230000000000000000000000000000, 96.500000000000000000000000000000, 3, 1, '2024-04-26 19:30:09.124065', '2024-04-26 19:45:21.942548', '2025-04-07 00:00:00.000000', 0),
	('08dc6627-6265-4ac5-823b-ce980a19ec0a', 'LCI RABOBANK', 3017.710000000000000000000000000000, 3076.310000000000000000000000000000, 85.000000000000000000000000000000, 3, 1, '2024-04-26 19:30:52.035697', '2024-04-26 19:45:37.493680', '2025-01-16 00:00:00.000000', 0),
	('08dc6627-70fc-4879-8116-db9e1f6ee36e', 'CDB BMG', 734.480000000000000000000000000000, 734.480000000000000000000000000000, 100.000000000000000000000000000000, 0, 1, '2024-04-26 19:31:16.512444', '2024-04-26 19:31:16.512444', '2024-12-09 00:00:00.000000', 0),
	('08dc6627-855f-42f4-84ee-525344450c02', 'LCA ORIGINAL', 3000.000000000000000000000000000000, 3010.320000000000000000000000000000, 95.000000000000000000000000000000, 4, 1, '2024-04-26 19:31:50.713419', '2024-04-26 19:45:52.982174', '2025-04-15 00:00:00.000000', 0),
	('08dc6627-99df-45a4-8eef-ff06666c03b7', 'LCA BOCOM BBM', 5308.940000000000000000000000000000, 5325.270000000000000000000000000000, 85.000000000000000000000000000000, 4, 1, '2024-04-26 19:32:25.107802', '2024-04-26 19:46:16.176897', '2024-06-11 00:00:00.000000', 0),
	('08dc6627-b58f-406b-8f20-6d0fd0402534', 'LCA BANCO BOCOM', 20196.200000000000000000000000000000, 20258.340000000000000000000000000000, 85.000000000000000000000000000000, 4, 1, '2024-04-26 19:33:11.557608', '2024-04-26 19:46:29.235210', '2024-09-13 00:00:00.000000', 0),
	('08dc6628-308f-4ed3-8dc9-50ee6faac6e3', 'LCA CNH CAPITAL', 13787.260000000000000000000000000000, 13829.680000000000000000000000000000, 85.000000000000000000000000000000, 4, 1, '2024-04-26 19:36:37.923290', '2024-04-26 19:47:02.033771', '2024-06-17 00:00:00.000000', 0),
	('08dc6628-4e13-4569-82d9-cff2fd29b2f4', 'CDB BMG', 699.410000000000000000000000000000, 699.410000000000000000000000000000, 100.000000000000000000000000000000, 0, 1, '2024-04-26 19:37:27.438416', '2024-04-26 19:37:27.438416', '2024-11-07 00:00:00.000000', 0);

-- Copiando estrutura para tabela finances.purchaseinstallments
CREATE TABLE IF NOT EXISTS `purchaseinstallments` (
  `Id` char(36) CHARACTER SET ascii COLLATE ascii_general_ci NOT NULL,
  `Amount` decimal(65,30) NOT NULL,
  `InstallmentNumber` int NOT NULL,
  `Paid` tinyint(1) NOT NULL,
  `DueDate` datetime(6) NOT NULL,
  `PaymentUrl` longtext NOT NULL,
  `PurchaseId` char(36) CHARACTER SET ascii COLLATE ascii_general_ci NOT NULL,
  `DateCreated` datetime(6) NOT NULL,
  `LastUpdate` datetime(6) DEFAULT NULL,
  `PaidDate` datetime(6) DEFAULT NULL,
  PRIMARY KEY (`Id`),
  KEY `IX_PurchaseInstallments_PurchaseId` (`PurchaseId`),
  CONSTRAINT `FK_PurchaseInstallments_Purchases_PurchaseId` FOREIGN KEY (`PurchaseId`) REFERENCES `purchases` (`Id`) ON DELETE CASCADE
) ENGINE=InnoDB DEFAULT CHARSET=utf8mb4 COLLATE=utf8mb4_0900_ai_ci;

-- Copiando dados para a tabela finances.purchaseinstallments: ~0 rows (aproximadamente)

-- Copiando estrutura para tabela finances.purchases
CREATE TABLE IF NOT EXISTS `purchases` (
  `Id` char(36) CHARACTER SET ascii COLLATE ascii_general_ci NOT NULL,
  `Name` longtext NOT NULL,
  `ProductUrl` longtext NOT NULL,
  `DateCreated` datetime(6) NOT NULL,
  `LastUpdate` datetime(6) DEFAULT NULL,
  `Owner` int NOT NULL DEFAULT '0',
  PRIMARY KEY (`Id`)
) ENGINE=InnoDB DEFAULT CHARSET=utf8mb4 COLLATE=utf8mb4_0900_ai_ci;

-- Copiando dados para a tabela finances.purchases: ~0 rows (aproximadamente)

-- Copiando estrutura para tabela finances.reserveinvestmentmaps
CREATE TABLE IF NOT EXISTS `reserveinvestmentmaps` (
  `ReserveId` char(36) CHARACTER SET ascii COLLATE ascii_general_ci NOT NULL,
  `InvestmentId` char(36) CHARACTER SET ascii COLLATE ascii_general_ci NOT NULL,
  `Amount` decimal(65,30) NOT NULL,
  `Id` char(36) CHARACTER SET ascii COLLATE ascii_general_ci NOT NULL,
  `DateCreated` datetime(6) NOT NULL,
  `LastUpdate` datetime(6) DEFAULT NULL,
  PRIMARY KEY (`ReserveId`,`InvestmentId`),
  KEY `IX_ReserveInvestmentMaps_InvestmentId` (`InvestmentId`),
  CONSTRAINT `FK_ReserveInvestmentMaps_Investments_InvestmentId` FOREIGN KEY (`InvestmentId`) REFERENCES `investments` (`Id`) ON DELETE CASCADE,
  CONSTRAINT `FK_ReserveInvestmentMaps_Reserves_ReserveId` FOREIGN KEY (`ReserveId`) REFERENCES `reserves` (`Id`) ON DELETE CASCADE
) ENGINE=InnoDB DEFAULT CHARSET=utf8mb4 COLLATE=utf8mb4_0900_ai_ci;

-- Copiando dados para a tabela finances.reserveinvestmentmaps: ~32 rows (aproximadamente)
REPLACE INTO `reserveinvestmentmaps` (`ReserveId`, `InvestmentId`, `Amount`, `Id`, `DateCreated`, `LastUpdate`) VALUES
	('0f60a24b-cb6b-4fab-a5ff-c4cb24f68bdb', '08dc6627-09e4-4f41-82e5-b877198e0d1a', 25.060000000000000000000000000000, '00000000-0000-0000-0000-000000000000', '2024-04-26 19:28:23.552611', '2024-04-26 19:28:23.552611'),
	('0f60a24b-cb6b-4fab-a5ff-c4cb24f68bdb', '08dc6627-23bd-4308-87dc-7a9580dde6c8', 59.320000000000000000000000000000, '00000000-0000-0000-0000-000000000000', '2024-04-26 19:29:06.912779', '2024-04-26 19:29:06.912779'),
	('0f60a24b-cb6b-4fab-a5ff-c4cb24f68bdb', '08dc6627-b58f-406b-8f20-6d0fd0402534', 1753.420000000000000000000000000000, '00000000-0000-0000-0000-000000000000', '2024-04-26 19:33:11.557608', '2024-04-26 19:33:11.557608'),
	('0f60a24b-cb6b-4fab-a5ff-c4cb24f68bdb', '08dc6628-308f-4ed3-8dc9-50ee6faac6e3', 7472.710000000000000000000000000000, '00000000-0000-0000-0000-000000000000', '2024-04-26 19:36:37.923290', '2024-04-26 19:36:37.923290'),
	('11c9c097-74ba-4fe9-87aa-042fe0e8421f', '08dc6628-308f-4ed3-8dc9-50ee6faac6e3', 6314.550000000000000000000000000000, '00000000-0000-0000-0000-000000000000', '2024-04-26 19:36:37.923290', '2024-04-26 19:36:37.923290'),
	('38d7d177-9b5b-4ed6-9ae5-9c3ec0853af1', '08dc6625-fb2e-47e1-8f38-3641872236d4', 70.020000000000000000000000000000, '00000000-0000-0000-0000-000000000000', '2024-04-26 19:20:49.372880', '2024-04-26 19:20:49.372880'),
	('38d7d177-9b5b-4ed6-9ae5-9c3ec0853af1', '08dc6627-855f-42f4-84ee-525344450c02', 3000.000000000000000000000000000000, '00000000-0000-0000-0000-000000000000', '2024-04-26 19:31:50.713419', '2024-04-26 19:31:50.713419'),
	('474243ce-4d9a-40a6-9d3f-5f0d3b84b377', '08dc6625-fb2e-47e1-8f38-3641872236d4', 112.330000000000000000000000000000, '00000000-0000-0000-0000-000000000000', '2024-04-26 19:20:49.372880', '2024-04-26 19:20:49.372880'),
	('474243ce-4d9a-40a6-9d3f-5f0d3b84b377', '08dc6626-1ed4-4fbb-8101-95af6043422a', 8499.730000000000000000000000000000, '00000000-0000-0000-0000-000000000000', '2024-04-26 19:21:49.183410', '2024-04-26 19:21:49.183410'),
	('474243ce-4d9a-40a6-9d3f-5f0d3b84b377', '08dc6626-5362-4f92-89d9-4b4fc5c451e1', 2962.760000000000000000000000000000, '00000000-0000-0000-0000-000000000000', '2024-04-26 19:23:17.355577', '2024-04-26 19:23:17.355577'),
	('474243ce-4d9a-40a6-9d3f-5f0d3b84b377', '08dc6626-6afa-48e8-89c2-a1d43de3e80a', 4473.060000000000000000000000000000, '00000000-0000-0000-0000-000000000000', '2024-04-26 19:23:56.936527', '2024-04-26 19:23:56.936527'),
	('474243ce-4d9a-40a6-9d3f-5f0d3b84b377', '08dc6626-9367-41a2-814b-3e70092b0f91', 1000.000000000000000000000000000000, '00000000-0000-0000-0000-000000000000', '2024-04-26 19:25:04.756699', '2024-04-26 19:25:04.756699'),
	('474243ce-4d9a-40a6-9d3f-5f0d3b84b377', '08dc6626-bac7-4592-89c1-bea66e3567c0', 2146.530000000000000000000000000000, '00000000-0000-0000-0000-000000000000', '2024-04-26 19:26:10.818602', '2024-04-26 19:26:10.818602'),
	('474243ce-4d9a-40a6-9d3f-5f0d3b84b377', '08dc6627-3889-40e5-8108-57de088fc991', 3006.120000000000000000000000000000, '00000000-0000-0000-0000-000000000000', '2024-04-26 19:29:41.803319', '2024-04-26 19:29:41.803319'),
	('474243ce-4d9a-40a6-9d3f-5f0d3b84b377', '08dc6627-48d1-4e11-8985-f5ffff518ef6', 749.580000000000000000000000000000, '00000000-0000-0000-0000-000000000000', '2024-04-26 19:30:09.124065', '2024-04-26 19:30:09.124065'),
	('48e33872-6c9e-4f9c-95a3-8350311108bc', '08dc661a-cdf1-4219-83d8-90d16f56b6ba', 3493.740000000000000000000000000000, '00000000-0000-0000-0000-000000000000', '2024-04-26 18:00:49.008737', '2024-04-26 18:00:49.008737'),
	('50479d77-144f-43e9-89d0-03efd7307714', '08dc6625-fb2e-47e1-8f38-3641872236d4', 626.020000000000000000000000000000, '00000000-0000-0000-0000-000000000000', '2024-04-26 19:20:49.372880', '2024-04-26 19:20:49.372880'),
	('50479d77-144f-43e9-89d0-03efd7307714', '08dc6626-7ecc-487b-801a-bb6ff6f37089', 1076.440000000000000000000000000000, '00000000-0000-0000-0000-000000000000', '2024-04-26 19:24:30.189264', '2024-04-26 19:24:30.189264'),
	('50479d77-144f-43e9-89d0-03efd7307714', '08dc6627-b58f-406b-8f20-6d0fd0402534', 18442.780000000000000000000000000000, '00000000-0000-0000-0000-000000000000', '2024-04-26 19:33:11.557608', '2024-04-26 19:33:11.557608'),
	('65e339d4-54db-488f-be86-a290ba628b20', '08dc6626-34eb-46bc-8540-97907fbb3c70', 6000.000000000000000000000000000000, '00000000-0000-0000-0000-000000000000', '2024-04-26 19:22:26.240350', '2024-04-26 19:22:26.240350'),
	('65e339d4-54db-488f-be86-a290ba628b20', '08dc6626-5362-4f92-89d9-4b4fc5c451e1', 37.240000000000000000000000000000, '00000000-0000-0000-0000-000000000000', '2024-04-26 19:23:17.355577', '2024-04-26 19:23:17.355577'),
	('65e339d4-54db-488f-be86-a290ba628b20', '08dc6626-d631-439d-8011-c958dcedfaa5', 6013.670000000000000000000000000000, '00000000-0000-0000-0000-000000000000', '2024-04-26 19:26:56.810970', '2024-04-26 19:26:56.810970'),
	('6c57eaef-4f98-4501-aa68-efde01754dbf', '08dc661a-a261-439e-8a58-9eafa4d698e3', 3887.220000000000000000000000000000, '00000000-0000-0000-0000-000000000000', '2024-04-26 17:59:35.963682', '2024-04-26 17:59:35.963682'),
	('710e7aab-e945-4636-81e2-150263372eb0', '08dc6625-c636-4772-8f11-3f765c92d42f', 5963.400000000000000000000000000000, '00000000-0000-0000-0000-000000000000', '2024-04-26 19:19:20.505073', '2024-04-26 19:19:20.505073'),
	('710e7aab-e945-4636-81e2-150263372eb0', '08dc6625-fb2e-47e1-8f38-3641872236d4', 73.190000000000000000000000000000, '00000000-0000-0000-0000-000000000000', '2024-04-26 19:20:49.372880', '2024-04-26 19:20:49.372880'),
	('710e7aab-e945-4636-81e2-150263372eb0', '08dc6626-a839-4ef6-8d7a-133a7287d058', 1000.000000000000000000000000000000, '00000000-0000-0000-0000-000000000000', '2024-04-26 19:25:39.692974', '2024-04-26 19:25:39.692974'),
	('710e7aab-e945-4636-81e2-150263372eb0', '08dc6626-f0c3-4c87-8256-746e508f602f', 3104.560000000000000000000000000000, '00000000-0000-0000-0000-000000000000', '2024-04-26 19:27:41.392225', '2024-04-26 19:27:41.392225'),
	('710e7aab-e945-4636-81e2-150263372eb0', '08dc6627-23bd-4308-87dc-7a9580dde6c8', 446.340000000000000000000000000000, '00000000-0000-0000-0000-000000000000', '2024-04-26 19:29:06.912779', '2024-04-26 19:29:06.912779'),
	('710e7aab-e945-4636-81e2-150263372eb0', '08dc6627-6265-4ac5-823b-ce980a19ec0a', 3017.710000000000000000000000000000, '00000000-0000-0000-0000-000000000000', '2024-04-26 19:30:52.035697', '2024-04-26 19:30:52.035697'),
	('710e7aab-e945-4636-81e2-150263372eb0', '08dc6627-70fc-4879-8116-db9e1f6ee36e', 734.480000000000000000000000000000, '00000000-0000-0000-0000-000000000000', '2024-04-26 19:31:16.512444', '2024-04-26 19:31:16.512444'),
	('710e7aab-e945-4636-81e2-150263372eb0', '08dc6627-99df-45a4-8eef-ff06666c03b7', 5308.940000000000000000000000000000, '00000000-0000-0000-0000-000000000000', '2024-04-26 19:32:25.107802', '2024-04-26 19:32:25.107802'),
	('710e7aab-e945-4636-81e2-150263372eb0', '08dc6628-4e13-4569-82d9-cff2fd29b2f4', 699.410000000000000000000000000000, '00000000-0000-0000-0000-000000000000', '2024-04-26 19:37:27.438416', '2024-04-26 19:37:27.438416'),
	('76a9d9a7-2a7f-4760-86dd-57b3866d4cd4', '08dc661b-3fb1-4b90-8782-6bd1c75f9ef5', 10929.890000000000000000000000000000, '00000000-0000-0000-0000-000000000000', '2024-04-26 18:03:59.853151', '2024-04-26 18:03:59.853151');

-- Copiando estrutura para tabela finances.reserves
CREATE TABLE IF NOT EXISTS `reserves` (
  `Id` char(36) CHARACTER SET ascii COLLATE ascii_general_ci NOT NULL,
  `Name` longtext NOT NULL,
  `Description` longtext NOT NULL,
  `Owner` int NOT NULL,
  `Goal` decimal(65,30) NOT NULL,
  `DateCreated` datetime(6) NOT NULL,
  `LastUpdate` datetime(6) DEFAULT NULL,
  PRIMARY KEY (`Id`)
) ENGINE=InnoDB DEFAULT CHARSET=utf8mb4 COLLATE=utf8mb4_0900_ai_ci;

-- Copiando dados para a tabela finances.reserves: ~10 rows (aproximadamente)
REPLACE INTO `reserves` (`Id`, `Name`, `Description`, `Owner`, `Goal`, `DateCreated`, `LastUpdate`) VALUES
	('0f60a24b-cb6b-4fab-a5ff-c4cb24f68bdb', 'Elvis', 'Reserva para dar uma puta festona', 2, 20000.000000000000000000000000000000, '0001-01-01 00:00:00.000000', '2024-04-26 19:36:36.149653'),
	('11c9c097-74ba-4fe9-87aa-042fe0e8421f', 'Casamento Deise', 'Reserva para comprar o presente de casamento da Deise', 2, 6000.000000000000000000000000000000, '0001-01-01 00:00:00.000000', '2024-04-25 23:02:18.248340'),
	('38d7d177-9b5b-4ed6-9ae5-9c3ec0853af1', 'Moto', 'Reserva para manutenção da moto.', 0, 3000.000000000000000000000000000000, '0001-01-01 00:00:00.000000', '2024-04-26 19:54:54.158340'),
	('474243ce-4d9a-40a6-9d3f-5f0d3b84b377', 'DDF', 'Reserva para o Daniel do Futuro', 0, 100000.000000000000000000000000000000, '2023-09-08 15:20:22.765118', '2023-09-08 15:20:22.765118'),
	('48e33872-6c9e-4f9c-95a3-8350311108bc', 'Previdência', 'Previdência do Bradesco', 1, 100000.000000000000000000000000000000, '0001-01-01 00:00:00.000000', '2024-04-26 15:15:14.768764'),
	('50479d77-144f-43e9-89d0-03efd7307714', 'Emergência', 'Reserva de Emergência', 0, 20000.000000000000000000000000000000, '2023-09-08 15:21:06.992564', '2023-09-08 15:21:06.992564'),
	('65e339d4-54db-488f-be86-a290ba628b20', 'Canadá', 'Reserva para fugir do pais', 2, 20000.000000000000000000000000000000, '0001-01-01 00:00:00.000000', '2024-04-25 23:00:41.579658'),
	('6c57eaef-4f98-4501-aa68-efde01754dbf', 'Wise', 'Dinheirn da viage', 2, 8000.000000000000000000000000000000, '0001-01-01 00:00:00.000000', '2024-04-25 23:05:39.240685'),
	('710e7aab-e945-4636-81e2-150263372eb0', 'Emergência', 'Reserva de Emergência', 1, 20000.000000000000000000000000000000, '0001-01-01 00:00:00.000000', '2024-04-25 23:03:04.416470'),
	('76a9d9a7-2a7f-4760-86dd-57b3866d4cd4', 'FII', 'Reserva passiva em FII', 2, 10000.000000000000000000000000000000, '0001-01-01 00:00:00.000000', '2024-04-25 23:06:45.084436');

-- Copiando estrutura para tabela finances.__efmigrationshistory
CREATE TABLE IF NOT EXISTS `__efmigrationshistory` (
  `MigrationId` varchar(150) NOT NULL,
  `ProductVersion` varchar(32) NOT NULL,
  PRIMARY KEY (`MigrationId`)
) ENGINE=InnoDB DEFAULT CHARSET=utf8mb4 COLLATE=utf8mb4_0900_ai_ci;

-- Copiando dados para a tabela finances.__efmigrationshistory: ~8 rows (aproximadamente)
REPLACE INTO `__efmigrationshistory` (`MigrationId`, `ProductVersion`) VALUES
	('20230905205002_InitialMigration', '7.0.10'),
	('20230906212804_AddedColumnInvestmentEndDate', '7.0.10'),
	('20230924151550_AddedCostsInstallments', '7.0.11'),
	('20230924154550_UpdateCollumnCostPercentages', '7.0.11'),
	('20230924182805_AddedColumnCostDatePaid', '7.0.11'),
	('20230924204242_AddedColumnPurchaseOwner', '7.0.11'),
	('20230924223740_AddedColumnPurchaseDatePaid', '7.0.11'),
	('20230924224512_UpdatedColunPurchasePaymentDate', '7.0.11'),
	('20231204194522_Added_InvestmentHistory', '7.0.11');

/*!40103 SET TIME_ZONE=IFNULL(@OLD_TIME_ZONE, 'system') */;
/*!40101 SET SQL_MODE=IFNULL(@OLD_SQL_MODE, '') */;
/*!40014 SET FOREIGN_KEY_CHECKS=IFNULL(@OLD_FOREIGN_KEY_CHECKS, 1) */;
/*!40101 SET CHARACTER_SET_CLIENT=@OLD_CHARACTER_SET_CLIENT */;
/*!40111 SET SQL_NOTES=IFNULL(@OLD_SQL_NOTES, 1) */;
